timestamp,open,high,low,close
2026-06-23T03:00:00+01:00,0.6985679268836975,0.6988608837127686,0.69773930311203,0.69773930311203
2026-06-23T04:00:00+01:00,0.6977880001068115,0.697934091091156,0.6970584392547607,0.697934091091156
2026-06-23T05:00:00+01:00,0.6980315446853638,0.6980315446853638,0.696815550327301,0.696815550327301
2026-06-23T06:00:00+01:00,0.6967184543609619,0.6971070170402527,0.6964758634567261,0.6964758634567261
2026-06-23T07:00:00+01:00,0.6963788270950317,0.6966699361801147,0.6952652335166931,0.695652186870575
2026-06-23T08:00:00+01:00,0.6955069899559021,0.6964273452758789,0.6947821974754333,0.6949753165245056
2026-06-23T09:00:00+01:00,0.6950236558914185,0.6952652335166931,0.6945409178733826,0.6947821974754333
2026-06-23T10:00:00+01:00,0.6948787569999695,0.695894181728363,0.6948787569999695,0.695894181728363
2026-06-23T11:00:00+01:00,0.6960880160331726,0.696233332157135,0.6946856379508972,0.6946856379508972
2026-06-23T12:00:00+01:00,0.6946856379508972,0.6949753165245056,0.6935293674468994,0.6935293674468994
2026-06-23T13:00:00+01:00,0.6934331655502319,0.6940106749534607,0.6934331655502319,0.6938180923461914
2026-06-23T14:00:00+01:00,0.6938180923461914,0.6943962574005127,0.6933370232582092,0.6940106749534607
2026-06-23T15:00:00+01:00,0.6939143538475037,0.6939143538475037,0.6930487751960754,0.693385124206543
2026-06-23T16:00:00+01:00,0.6932889819145203,0.6933370232582092,0.6923769116401672,0.6926167011260986
2026-06-23T17:00:00+01:00,0.6927126049995422,0.6927606463432312,0.6919457912445068,0.6919457912445068
2026-06-23T18:00:00+01:00,0.6919457912445068,0.6920893788337708,0.6915629506111145,0.6916107535362244
2026-06-23T19:00:00+01:00,0.6916107535362244,0.691658616065979,0.6909895539283752,0.6912283301353455
2026-06-23T20:00:00+01:00,0.6912761330604553,0.6919457912445068,0.6912761330604553,0.6917064189910889
2026-06-23T21:00:00+01:00,0.69146728515625,0.6918500065803528,0.6914194822311401,0.6918500065803528
2026-06-23T22:00:00+01:00,0.6918978691101074,0.6921852231025696,0.6917542815208435,0.6921373009681702
2026-06-23T23:00:00+01:00,0.6919457912445068,0.6919936537742615,0.6917064189910889,0.6917064189910889
2026-06-24T00:00:00+01:00,0.691658616065979,0.6918021440505981,0.6913239359855652,0.6917064189910889
2026-06-24T01:00:00+01:00,0.6918500065803528,0.6923289895057678,0.6917064189910889,0.6920415163040161
2026-06-24T02:00:00+01:00,0.6919457912445068,0.6924248337745667,0.6914194822311401,0.6920893788337708
2026-06-24T03:00:00+01:00,0.6919457912445068,0.6920893788337708,0.6907030940055847,0.6907030940055847
2026-06-24T04:00:00+01:00,0.6907030940055847,0.6911805272102356,0.6904646754264832,0.6909895539283752
2026-06-24T05:00:00+01:00,0.6908940076828003,0.6913716793060303,0.6905600428581238,0.6911327838897705
2026-06-24T06:00:00+01:00,0.6912283301353455,0.6918500065803528,0.6912283301353455,0.69146728515625
2026-06-24T07:00:00+01:00,0.6913716793060303,0.6919457912445068,0.6907508373260498,0.6908462643623352
2026-06-24T08:00:00+01:00,0.6907985806465149,0.6909895539283752,0.6903693079948425,0.6903693079948425
2026-06-24T09:00:00+01:00,0.6902264356613159,0.6902264356613159,0.6895125508308411,0.6899882555007935
2026-06-24T10:00:00+01:00,0.6899882555007935,0.6899882555007935,0.6891323924064636,0.6891323924064636
2026-06-24T11:00:00+01:00,0.6891323924064636,0.6892749071121216,0.6888000965118408,0.6891323924064636
2026-06-24T12:00:00+01:00,0.6894174218177795,0.6902740597724915,0.6889899373054504,0.6897503137588501
2026-06-24T13:00:00+01:00,0.6898455023765564,0.690321683883667,0.6890373826026917,0.6893223524093628
2026-06-24T14:00:00+01:00,0.6893699169158936,0.6902264356613159,0.6891323924064636,0.690035879611969
2026-06-24T15:00:00+01:00,0.6901311278343201,0.6902264356613159,0.688895046710968,0.6894174218177795
2026-06-24T16:00:00+01:00,0.6894649863243103,0.6902264356613159,0.6894174218177795,0.6896551251411438
2026-06-24T17:00:00+01:00,0.6896551251411438,0.6908462643623352,0.6896076202392578,0.6903693079948425
2026-06-24T18:00:00+01:00,0.6904646754264832,0.6904646754264832,0.6887526512145996,0.6888000965118408
2026-06-24T19:00:00+01:00,0.6887052059173584,0.6894649863243103,0.6886577606201172,0.6888000965118408
2026-06-24T20:00:00+01:00,0.6888000965118408,0.689560055732727,0.6886103749275208,0.6894649863243103
2026-06-24T21:00:00+01:00,0.6893699169158936,0.690321683883667,0.6893699169158936,0.6902740597724915
2026-06-24T22:00:00+01:00,0.6902740597724915,0.6904646754264832,0.6896551251411438,0.690321683883667
2026-06-24T23:00:00+01:00,0.6902740597724915,0.6902740597724915,0.6898455023765564,0.6898455023765564
2026-06-25T00:00:00+01:00,0.6898455023765564,0.6902740597724915,0.6897978782653809,0.6901311278343201
2026-06-25T01:00:00+01:00,0.6898455023765564,0.6898455023765564,0.6892274022102356,0.6896551251411438
2026-06-25T02:00:00+01:00,0.6897027492523193,0.6908940076828003,0.6893223524093628,0.6894174218177795
2026-06-25T03:00:00+01:00,0.6894174218177795,0.6897978782653809,0.6890848875045776,0.6895125508308411
2026-06-25T04:00:00+01:00,0.689560055732727,0.690035879611969,0.6894649863243103,0.6899406909942627
2026-06-25T05:00:00+01:00,0.690035879611969,0.6904646754264832,0.6899406909942627,0.6904646754264832
2026-06-25T06:00:00+01:00,0.6904646754264832,0.6905600428581238,0.6894649863243103,0.6894649863243103
2026-06-25T07:00:00+01:00,0.6895125508308411,0.6897978782653809,0.6890373826026917,0.6891798973083496
2026-06-25T08:00:00+01:00,0.6890848875045776,0.690035879611969,0.6890848875045776,0.690035879611969
2026-06-25T09:00:00+01:00,0.690321683883667,0.6908462643623352,0.6901787519454956,0.6903693079948425
2026-06-25T10:00:00+01:00,0.6904646754264832,0.6907030940055847,0.690035879611969,0.6903693079948425
2026-06-25T11:00:00+01:00,0.6902740597724915,0.6902740597724915,0.6893699169158936,0.6893699169158936
2026-06-25T12:00:00+01:00,0.6895125508308411,0.689560055732727,0.6890848875045776,0.6891323924064636
2026-06-25T13:00:00+01:00,0.6892749071121216,0.6916107535362244,0.6890848875045776,0.6907508373260498
2026-06-25T14:00:00+01:00,0.6907985806465149,0.6912283301353455,0.6896076202392578,0.6896076202392578
2026-06-25T15:00:00+01:00,0.689560055732727,0.6911327838897705,0.689560055732727,0.6910849809646606
2026-06-25T16:00:00+01:00,0.6909895539283752,0.6922810673713684,0.6909895539283752,0.6921852231025696
2026-06-25T17:00:00+01:00,0.6921852231025696,0.6929046511650085,0.6918021440505981,0.6918500065803528
2026-06-25T18:00:00+01:00,0.6919457912445068,0.6921373009681702,0.6918021440505981,0.6921373009681702
2026-06-25T19:00:00+01:00,0.6920415163040161,0.692233145236969,0.6915150880813599,0.6918021440505981
2026-06-25T20:00:00+01:00,0.6918021440505981,0.6918021440505981,0.6910372376441956,0.6913239359855652
2026-06-25T21:00:00+01:00,0.69146728515625,0.6915150880813599,0.6912283301353455,0.6912761330604553
2026-06-25T22:00:00+01:00,0.6912283301353455,0.6918978691101074,0.6909895539283752,0.6910372376441956
2026-06-25T23:00:00+01:00,0.6912283301353455,0.6912283301353455,0.6908940076828003,0.6910849809646606
2026-06-26T00:00:00+01:00,0.6910372376441956,0.6910849809646606,0.6902740597724915,0.6902740597724915
2026-06-26T01:00:00+01:00,0.6902740597724915,0.690321683883667,0.6899406909942627,0.6900835037231445
2026-06-26T02:00:00+01:00,0.6902264356613159,0.6904169917106628,0.6890848875045776,0.6890848875045776
2026-06-26T03:00:00+01:00,0.6892274022102356,0.6892749071121216,0.6878525614738464,0.6881839036941528
2026-06-26T04:00:00+01:00,0.6881839036941528,0.6892274022102356,0.6880891919136047,0.6892274022102356
2026-06-26T05:00:00+01:00,0.6894649863243103,0.6896076202392578,0.688847541809082,0.688847541809082
2026-06-26T06:00:00+01:00,0.688847541809082,0.6897978782653809,0.6888000965118408,0.6897503137588501
2026-06-26T07:00:00+01:00,0.689560055732727,0.6901311278343201,0.6891323924064636,0.6900835037231445
2026-06-26T08:00:00+01:00,0.6898455023765564,0.6899406909942627,0.6892274022102356,0.6893699169158936
2026-06-26T09:00:00+01:00,0.6894649863243103,0.6900835037231445,0.6889424324035645,0.6898930668830872
2026-06-26T10:00:00+01:00,0.6897027492523193,0.6907985806465149,0.6896076202392578,0.6904646754264832
2026-06-26T11:00:00+01:00,0.6904169917106628,0.6906077861785889,0.6901787519454956,0.6905600428581238
2026-06-26T12:00:00+01:00,0.6906077861785889,0.6906554102897644,0.6900835037231445,0.6901787519454956
2026-06-26T13:00:00+01:00,0.6901787519454956,0.6906554102897644,0.6899406909942627,0.6906554102897644
2026-06-26T14:00:00+01:00,0.6906554102897644,0.6912283301353455,0.6903693079948425,0.6912283301353455
2026-06-26T15:00:00+01:00,0.6914194822311401,0.6918500065803528,0.6902740597724915,0.6902740597724915
2026-06-26T16:00:00+01:00,0.6902264356613159,0.6911327838897705,0.6901787519454956,0.6907508373260498
2026-06-26T17:00:00+01:00,0.6907985806465149,0.6908462643623352,0.6899406909942627,0.6902740597724915
2026-06-26T18:00:00+01:00,0.6902740597724915,0.6904646754264832,0.6899882555007935,0.690035879611969
2026-06-26T19:00:00+01:00,0.6899882555007935,0.690321683883667,0.6897027492523193,0.6897027492523193
2026-06-26T20:00:00+01:00,0.6896551251411438,0.6902264356613159,0.6896076202392578,0.6902264356613159
2026-06-26T21:00:00+01:00,0.6900835037231445,0.6901311278343201,0.6894174218177795,0.6896076202392578
2026-06-26T22:00:00+01:00,0.6901311278343201,0.6901311278343201,0.6901311278343201,0.6901311278343201
2026-06-29T00:00:00+01:00,0.6897503137588501,0.6899882555007935,0.6896076202392578,0.6898455023765564
2026-06-29T01:00:00+01:00,0.689560055732727,0.689560055732727,0.6886103749275208,0.688847541809082
2026-06-29T02:00:00+01:00,0.6887052059173584,0.6893223524093628,0.6884207725524902,0.6888000965118408
2026-06-29T03:00:00+01:00,0.6887526512145996,0.6897503137588501,0.6887526512145996,0.6893223524093628
2026-06-29T04:00:00+01:00,0.6894649863243103,0.6897503137588501,0.6891323924064636,0.6891323924064636
2026-06-29T05:00:00+01:00,0.6891798973083496,0.6893223524093628,0.6890373826026917,0.6891323924064636
2026-06-29T06:00:00+01:00,0.6889899373054504,0.6898455023765564,0.6889899373054504,0.6897978782653809
2026-06-29T07:00:00+01:00,0.6897503137588501,0.6906077861785889,0.6896551251411438,0.6905600428581238
2026-06-29T08:00:00+01:00,0.6904169917106628,0.6905600428581238,0.6897503137588501,0.6897503137588501
2026-06-29T09:00:00+01:00,0.6897978782653809,0.6898930668830872,0.6893223524093628,0.6893699169158936
2026-06-29T10:00:00+01:00,0.689560055732727,0.6901311278343201,0.689560055732727,0.6901311278343201
2026-06-29T11:00:00+01:00,0.6900835037231445,0.690321683883667,0.6899882555007935,0.6902740597724915
2026-06-29T12:00:00+01:00,0.6903693079948425,0.6904646754264832,0.6899882555007935,0.6903693079948425
2026-06-29T13:00:00+01:00,0.6902740597724915,0.690321683883667,0.6897027492523193,0.6898930668830872
2026-06-29T14:00:00+01:00,0.6899406909942627,0.6899406909942627,0.6890848875045776,0.6890848875045776
2026-06-29T15:00:00+01:00,0.6892274022102356,0.6892274022102356,0.6880418062210083,0.6883733868598938
2026-06-29T16:00:00+01:00,0.6882312893867493,0.6886577606201172,0.6881365180015564,0.6886103749275208
2026-06-29T17:00:00+01:00,0.6887052059173584,0.6892749071121216,0.6887052059173584,0.688895046710968
2026-06-29T18:00:00+01:00,0.6889899373054504,0.6891323924064636,0.688847541809082,0.6889899373054504
2026-06-29T19:00:00+01:00,0.6891798973083496,0.6894649863243103,0.6891798973083496,0.6892749071121216
2026-06-29T20:00:00+01:00,0.6893223524093628,0.6893699169158936,0.6890373826026917,0.6892749071121216
2026-06-29T21:00:00+01:00,0.6891798973083496,0.6893223524093628,0.688895046710968,0.688895046710968
2026-06-29T22:00:00+01:00,0.6893699169158936,0.6894174218177795,0.6887526512145996,0.6891798973083496
2026-06-29T23:00:00+01:00,0.6890848875045776,0.6891798973083496,0.6889899373054504,0.6890373826026917
2026-06-30T00:00:00+01:00,0.6890373826026917,0.6891323924064636,0.6884207725524902,0.6884207725524902
2026-06-30T01:00:00+01:00,0.6881839036941528,0.6881839036941528,0.6869547367095947,0.687474250793457
2026-06-30T02:00:00+01:00,0.687474250793457,0.6885629892349243,0.6869075298309326,0.6871907711029053
2026-06-30T03:00:00+01:00,0.6874269843101501,0.6875215172767639,0.6868603825569153,0.6870018839836121
2026-06-30T04:00:00+01:00,0.6871907711029053,0.6874269843101501,0.6870018839836121,0.6871435642242432
2026-06-30T05:00:00+01:00,0.6871907711029053,0.6875687837600708,0.6871907711029053,0.6871907711029053
2026-06-30T06:00:00+01:00,0.6872379779815674,0.6877579092979431,0.687049150466919,0.6871435642242432
2026-06-30T07:00:00+01:00,0.687096357345581,0.6880418062210083,0.687096357345581,0.6880418062210083
2026-06-30T08:00:00+01:00,0.6878525614738464,0.6884207725524902,0.6878525614738464,0.6880418062210083
2026-06-30T09:00:00+01:00,0.6879944801330566,0.6883733868598938,0.6878998875617981,0.6883260011672974
2026-06-30T10:00:00+01:00,0.6883260011672974,0.6888000965118408,0.6883260011672974,0.6887052059173584
2026-06-30T11:00:00+01:00,0.6887052059173584,0.6892749071121216,0.6885629892349243,0.6892749071121216
2026-06-30T12:00:00+01:00,0.6890848875045776,0.6892274022102356,0.6887526512145996,0.6890373826026917
2026-06-30T13:00:00+01:00,0.6890848875045776,0.6890848875045776,0.6885156035423279,0.6887526512145996
2026-06-30T14:00:00+01:00,0.6889424324035645,0.6896551251411438,0.688895046710968,0.689560055732727
2026-06-30T15:00:00+01:00,0.6893223524093628,0.6930967569351196,0.6893223524093628,0.6930967569351196
2026-06-30T16:00:00+01:00,0.6929046511650085,0.6929046511650085,0.691658616065979,0.691658616065979
2026-06-30T17:00:00+01:00,0.691658616065979,0.691658616065979,0.6911805272102356,0.6914194822311401
2026-06-30T18:00:00+01:00,0.69146728515625,0.6921373009681702,0.69146728515625,0.6920893788337708
2026-06-30T19:00:00+01:00,0.6920893788337708,0.692520797252655,0.6920893788337708,0.6923769116401672
2026-06-30T20:00:00+01:00,0.6923289895057678,0.6926167011260986,0.6921373009681702,0.6926167011260986
2026-06-30T21:00:00+01:00,0.6925687193870544,0.6925687193870544,0.6921852231025696,0.692233145236969
2026-06-30T22:00:00+01:00,0.6917064189910889,0.6921373009681702,0.6917064189910889,0.6920893788337708
2026-06-30T23:00:00+01:00,0.6921373009681702,0.6921852231025696,0.6918978691101074,0.6919457912445068
2026-07-01T00:00:00+01:00,0.6919457912445068,0.6920415163040161,0.6914194822311401,0.6914194822311401
2026-07-01T01:00:00+01:00,0.6914194822311401,0.6916107535362244,0.6904169917106628,0.6904169917106628
2026-07-01T02:00:00+01:00,0.6904169917106628,0.6904169917106628,0.6891798973083496,0.6894174218177795
2026-07-01T03:00:00+01:00,0.6892749071121216,0.6894649863243103,0.6886103749275208,0.6891798973083496
2026-07-01T04:00:00+01:00,0.6890848875045776,0.6893699169158936,0.6889899373054504,0.6893699169158936
2026-07-01T05:00:00+01:00,0.6892749071121216,0.6896076202392578,0.688847541809082,0.6895125508308411
2026-07-01T06:00:00+01:00,0.6896076202392578,0.6898455023765564,0.6893699169158936,0.6896551251411438
2026-07-01T07:00:00+01:00,0.6896551251411438,0.6896551251411438,0.6889899373054504,0.6893223524093628
2026-07-01T08:00:00+01:00,0.6892749071121216,0.689560055732727,0.6889424324035645,0.689560055732727
2026-07-01T09:00:00+01:00,0.6896076202392578,0.6897027492523193,0.6891798973083496,0.6894174218177795
2026-07-01T10:00:00+01:00,0.6893699169158936,0.689560055732727,0.6892749071121216,0.6892749071121216
2026-07-01T11:00:00+01:00,0.6890848875045776,0.6901787519454956,0.6890848875045776,0.6901311278343201
2026-07-01T12:00:00+01:00,0.6901311278343201,0.6901311278343201,0.689560055732727,0.689560055732727
2026-07-01T13:00:00+01:00,0.6896551251411438,0.6899406909942627,0.6892274022102356,0.6894649863243103
2026-07-01T14:00:00+01:00,0.6896076202392578,0.6917064189910889,0.688847541809082,0.6904646754264832
2026-07-01T15:00:00+01:00,0.6908462643623352,0.6911805272102356,0.6899882555007935,0.6905123591423035
2026-07-01T16:00:00+01:00,0.6905123591423035,0.6906077861785889,0.690035879611969,0.6904169917106628
2026-07-01T17:00:00+01:00,0.6907508373260498,0.6910372376441956,0.6902264356613159,0.690321683883667
2026-07-01T18:00:00+01:00,0.6904646754264832,0.6904646754264832,0.6901311278343201,0.6901311278343201
2026-07-01T19:00:00+01:00,0.6901311278343201,0.6901787519454956,0.6895125508308411,0.6897978782653809
2026-07-01T20:00:00+01:00,0.6898455023765564,0.690035879611969,0.6896076202392578,0.6896076202392578
2026-07-01T21:00:00+01:00,0.689560055732727,0.6896076202392578,0.6892749071121216,0.6896076202392578
2026-07-01T22:00:00+01:00,0.6894649863243103,0.6899882555007935,0.6893699169158936,0.6898930668830872
2026-07-01T23:00:00+01:00,0.6894649863243103,0.6896551251411438,0.6894649863243103,0.6895125508308411
2026-07-02T00:00:00+01:00,0.6894649863243103,0.6895125508308411,0.6892274022102356,0.6892274022102356
2026-07-02T01:00:00+01:00,0.6890373826026917,0.6890848875045776,0.6887052059173584,0.6890848875045776
2026-07-02T02:00:00+01:00,0.6894174218177795,0.6899406909942627,0.6894174218177795,0.6896551251411438
2026-07-02T03:00:00+01:00,0.6897978782653809,0.690321683883667,0.6896076202392578,0.6896551251411438
2026-07-02T04:00:00+01:00,0.6897978782653809,0.6897978782653809,0.6887526512145996,0.6895125508308411
2026-07-02T05:00:00+01:00,0.6896076202392578,0.6897978782653809,0.6893223524093628,0.6897027492523193
2026-07-02T06:00:00+01:00,0.6896551251411438,0.6898930668830872,0.6893699169158936,0.689560055732727
2026-07-02T07:00:00+01:00,0.6898455023765564,0.6901787519454956,0.689560055732727,0.6899406909942627
2026-07-02T08:00:00+01:00,0.6896076202392578,0.6899406909942627,0.6893699169158936,0.6895125508308411
2026-07-02T09:00:00+01:00,0.6894174218177795,0.6912283301353455,0.6894174218177795,0.6911327838897705
2026-07-02T10:00:00+01:00,0.6910849809646606,0.6910849809646606,0.6902264356613159,0.6907985806465149
2026-07-02T11:00:00+01:00,0.6904646754264832,0.6905600428581238,0.6898930668830872,0.6900835037231445
2026-07-02T12:00:00+01:00,0.6899882555007935,0.6899882555007935,0.6890373826026917,0.6890373826026917
2026-07-02T13:00:00+01:00,0.6889899373054504,0.6943480372428894,0.6889899373054504,0.6926646828651428
2026-07-02T14:00:00+01:00,0.6924248337745667,0.6944926381111145,0.6924248337745667,0.6940106749534607
2026-07-02T15:00:00+01:00,0.6939143538475037,0.6944444179534912,0.6927126049995422,0.6936255693435669
2026-07-02T16:00:00+01:00,0.6935774683952332,0.694155216217041,0.6932408809661865,0.6932889819145203
2026-07-02T17:00:00+01:00,0.6931447982788086,0.6932889819145203,0.6923289895057678,0.6926646828651428
2026-07-02T18:00:00+01:00,0.6924248337745667,0.6925687193870544,0.6917542815208435,0.6918021440505981
2026-07-02T19:00:00+01:00,0.6918500065803528,0.6924248337745667,0.6918500065803528,0.6921852231025696
2026-07-02T20:00:00+01:00,0.6920893788337708,0.6923769116401672,0.691658616065979,0.6923769116401672
2026-07-02T21:00:00+01:00,0.692233145236969,0.6925687193870544,0.692233145236969,0.6924248337745667
2026-07-02T22:00:00+01:00,0.6916107535362244,0.6928566694259644,0.6916107535362244,0.692233145236969
2026-07-02T23:00:00+01:00,0.6923769116401672,0.6923769116401672,0.6921373009681702,0.6921373009681702
2026-07-03T00:00:00+01:00,0.6921852231025696,0.6922810673713684,0.6917064189910889,0.6917542815208435
2026-07-03T01:00:00+01:00,0.6918978691101074,0.6921373009681702,0.6913716793060303,0.6921373009681702
2026-07-03T02:00:00+01:00,0.6921373009681702,0.6937218308448792,0.6921373009681702,0.6932889819145203
2026-07-03T03:00:00+01:00,0.6931928396224976,0.6941069960594177,0.6930967569351196,0.6939143538475037
2026-07-03T04:00:00+01:00,0.6938180923461914,0.6940106749534607,0.6936255693435669,0.6937218308448792
2026-07-03T05:00:00+01:00,0.6937699317932129,0.6942998170852661,0.6936737298965454,0.694155216217041
2026-07-03T06:00:00+01:00,0.694058895111084,0.6945891380310059,0.6940106749534607,0.6941069960594177
2026-07-03T07:00:00+01:00,0.6943962574005127,0.6951685547828674,0.6943480372428894,0.6946374177932739
2026-07-03T08:00:00+01:00,0.6944444179534912,0.6950236558914185,0.6944444179534912,0.6947339177131653
2026-07-03T09:00:00+01:00,0.6946374177932739,0.6948304176330566,0.6943480372428894,0.6943480372428894
2026-07-03T10:00:00+01:00,0.6942515969276428,0.6945409178733826,0.6939625144004822,0.6939625144004822
2026-07-03T11:00:00+01:00,0.694058895111084,0.6942998170852661,0.6940106749534607,0.6941069960594177
2026-07-03T12:00:00+01:00,0.694058895111084,0.6944926381111145,0.694058895111084,0.6941069960594177
2026-07-03T13:00:00+01:00,0.694155216217041,0.6942515969276428,0.6939625144004822,0.6939625144004822
2026-07-03T14:00:00+01:00,0.6940106749534607,0.6940106749534607,0.6937218308448792,0.6937699317932129
2026-07-03T15:00:00+01:00,0.6939143538475037,0.694155216217041,0.6937218308448792,0.6938180923461914
2026-07-03T16:00:00+01:00,0.6937699317932129,0.6939625144004822,0.6937218308448792,0.6938661932945251
2026-07-03T17:00:00+01:00,0.6939143538475037,0.6940106749534607,0.6937699317932129,0.6940106749534607
2026-07-03T18:00:00+01:00,0.6940106749534607,0.6941069960594177,0.6939625144004822,0.694058895111084
2026-07-03T19:00:00+01:00,0.694058895111084,0.694058895111084,0.6940106749534607,0.6940106749534607
2026-07-03T20:00:00+01:00,0.694155216217041,0.694155216217041,0.6938661932945251,0.6938661932945251
2026-07-03T21:00:00+01:00,0.6938661932945251,0.6943480372428894,0.6937218308448792,0.6943480372428894
2026-07-03T22:00:00+01:00,0.6942998170852661,0.6942998170852661,0.6942998170852661,0.6942998170852661
2026-07-06T00:00:00+01:00,0.6938661932945251,0.694058895111084,0.6937699317932129,0.6940106749534607
2026-07-06T01:00:00+01:00,0.6937699317932129,0.694155216217041,0.693385124206543,0.6937218308448792
2026-07-06T02:00:00+01:00,0.6935293674468994,0.6939143538475037,0.6932408809661865,0.6932408809661865
2026-07-06T03:00:00+01:00,0.6932889819145203,0.6934812664985657,0.6930487751960754,0.6931928396224976
2026-07-06T04:00:00+01:00,0.6931928396224976,0.6931928396224976,0.6924728155136108,0.6928086280822754
2026-07-06T05:00:00+01:00,0.6928566694259644,0.6935774683952332,0.6928566694259644,0.6935293674468994
2026-07-06T06:00:00+01:00,0.6934812664985657,0.6936737298965454,0.6932408809661865,0.6932408809661865
2026-07-06T07:00:00+01:00,0.6932889819145203,0.6934812664985657,0.6929526925086975,0.6929526925086975
2026-07-06T08:00:00+01:00,0.6929046511650085,0.6939625144004822,0.6929046511650085,0.6939143538475037
2026-07-06T09:00:00+01:00,0.694058895111084,0.694058895111084,0.6932408809661865,0.6934812664985657
2026-07-06T10:00:00+01:00,0.693385124206543,0.6935293674468994,0.6932408809661865,0.6932889819145203
2026-07-06T11:00:00+01:00,0.6932889819145203,0.6939143538475037,0.6930967569351196,0.6936737298965454
2026-07-06T12:00:00+01:00,0.6936255693435669,0.6938180923461914,0.6934331655502319,0.6935774683952332
2026-07-06T13:00:00+01:00,0.6936737298965454,0.6937699317932129,0.6926646828651428,0.6927606463432312
2026-07-06T14:00:00+01:00,0.6927606463432312,0.6937699317932129,0.6927606463432312,0.693385124206543
2026-07-06T15:00:00+01:00,0.6932889819145203,0.6939143538475037,0.6932889819145203,0.6939143538475037
2026-07-06T16:00:00+01:00,0.6941069960594177,0.6946856379508972,0.6939625144004822,0.6945891380310059
2026-07-06T17:00:00+01:00,0.6945409178733826,0.6948787569999695,0.6945409178733826,0.6948304176330566
2026-07-06T18:00:00+01:00,0.6949270367622375,0.6956037878990173,0.6949270367622375,0.6953619718551636
2026-07-06T19:00:00+01:00,0.6954103112220764,0.696136474609375,0.6954103112220764,0.696136474609375
2026-07-06T20:00:00+01:00,0.6959426403045654,0.6959910988807678,0.6957973837852478,0.695894181728363
2026-07-06T21:00:00+01:00,0.695894181728363,0.695894181728363,0.6957005858421326,0.695894181728363
2026-07-06T22:00:00+01:00,0.6952652335166931,0.6960395574569702,0.6952168941497803,0.6957973837852478
2026-07-06T23:00:00+01:00,0.6959910988807678,0.6960395574569702,0.695894181728363,0.6959910988807678
2026-07-07T00:00:00+01:00,0.6960395574569702,0.696233332157135,0.6957489848136902,0.6957489848136902
2026-07-07T01:00:00+01:00,0.695652186870575,0.6957973837852478,0.6952652335166931,0.6952652335166931
2026-07-07T02:00:00+01:00,0.6951202750205994,0.696136474609375,0.6949270367622375,0.6959910988807678
2026-07-07T03:00:00+01:00,0.6959426403045654,0.6960395574569702,0.695313572883606,0.695313572883606
2026-07-07T04:00:00+01:00,0.6952652335166931,0.6955553889274597,0.6946374177932739,0.6948304176330566
2026-07-07T05:00:00+01:00,0.6949270367622375,0.6951202750205994,0.6946374177932739,0.6946374177932739
2026-07-07T06:00:00+01:00,0.6944926381111145,0.6944926381111145,0.6937699317932129,0.6943962574005127
2026-07-07T07:00:00+01:00,0.6943962574005127,0.6946374177932739,0.6939625144004822,0.6945891380310059
2026-07-07T08:00:00+01:00,0.6946374177932739,0.6947821974754333,0.6941069960594177,0.6941069960594177
2026-07-07T09:00:00+01:00,0.694155216217041,0.6948304176330566,0.694155216217041,0.6945409178733826
2026-07-07T10:00:00+01:00,0.6943962574005127,0.6948304176330566,0.6943962574005127,0.6945409178733826
2026-07-07T11:00:00+01:00,0.6945409178733826,0.6948787569999695,0.6944926381111145,0.6947821974754333
2026-07-07T12:00:00+01:00,0.6947821974754333,0.695458710193634,0.6947339177131653,0.6950719356536865
2026-07-07T13:00:00+01:00,0.6950236558914185,0.6956037878990173,0.6949753165245056,0.6951685547828674
2026-07-07T14:00:00+01:00,0.6952168941497803,0.695313572883606,0.6945891380310059,0.6945891380310059
2026-07-07T15:00:00+01:00,0.6944444179534912,0.6945891380310059,0.6938661932945251,0.6943962574005127
2026-07-07T16:00:00+01:00,0.6942515969276428,0.6942998170852661,0.6936737298965454,0.6937699317932129
2026-07-07T17:00:00+01:00,0.6937699317932129,0.6939625144004822,0.6936737298965454,0.6939143538475037
2026-07-07T18:00:00+01:00,0.6939625144004822,0.6944444179534912,0.6939625144004822,0.6944444179534912
2026-07-07T19:00:00+01:00,0.6944444179534912,0.6944926381111145,0.6935774683952332,0.6937699317932129
2026-07-07T20:00:00+01:00,0.6934812664985657,0.6934812664985657,0.6923769116401672,0.6934331655502319
2026-07-07T21:00:00+01:00,0.6934331655502319,0.6935293674468994,0.6930967569351196,0.6931447982788086
2026-07-07T22:00:00+01:00,0.6930487751960754,0.693385124206543,0.6924248337745667,0.6926167011260986
2026-07-07T23:00:00+01:00,0.6927606463432312,0.6929526925086975,0.6926646828651428,0.6929046511650085
2026-07-08T00:00:00+01:00,0.6929526925086975,0.6930487751960754,0.6924728155136108,0.6924728155136108
2026-07-08T01:00:00+01:00,0.692520797252655,0.6937699317932129,0.6923289895057678,0.6937218308448792
2026-07-08T02:00:00+01:00,0.6936737298965454,0.694155216217041,0.6931928396224976,0.694058895111084
2026-07-08T03:00:00+01:00,0.6939143538475037,0.6945409178733826,0.6938180923461914,0.694155216217041
2026-07-08T04:00:00+01:00,0.6942515969276428,0.6948787569999695,0.6942515969276428,0.6942515969276428
2026-07-08T05:00:00+01:00,0.6942033767700195,0.6944444179534912,0.6940106749534607,0.6942998170852661
2026-07-08T06:00:00+01:00,0.6943480372428894,0.6947339177131653,0.6942998170852661,0.6944444179534912
2026-07-08T07:00:00+01:00,0.6944926381111145,0.6945409178733826,0.6938180923461914,0.6939143538475037
2026-07-08T08:00:00+01:00,0.6939143538475037,0.6944926381111145,0.6932889819145203,0.6942033767700195
2026-07-08T09:00:00+01:00,0.694058895111084,0.6941069960594177,0.6915150880813599,0.6918500065803528
2026-07-08T10:00:00+01:00,0.6915150880813599,0.692520797252655,0.6909417510032654,0.6919936537742615
2026-07-08T11:00:00+01:00,0.6920415163040161,0.6930007338523865,0.6918978691101074,0.6926167011260986
2026-07-08T12:00:00+01:00,0.6924248337745667,0.6924248337745667,0.6910372376441956,0.6918978691101074
2026-07-08T13:00:00+01:00,0.6918500065803528,0.693385124206543,0.6918500065803528,0.6926167011260986
2026-07-08T14:00:00+01:00,0.692520797252655,0.6930007338523865,0.6922810673713684,0.6924248337745667
2026-07-08T15:00:00+01:00,0.6924728155136108,0.6927606463432312,0.6919936537742615,0.6919936537742615
2026-07-08T16:00:00+01:00,0.6919936537742615,0.692520797252655,0.6909895539283752,0.6912283301353455
2026-07-08T17:00:00+01:00,0.6913716793060303,0.6930007338523865,0.6912283301353455,0.6929526925086975
2026-07-08T18:00:00+01:00,0.6929526925086975,0.6939143538475037,0.6929526925086975,0.6931928396224976
2026-07-08T19:00:00+01:00,0.6930967569351196,0.694058895111084,0.6930967569351196,0.6939143538475037
2026-07-08T20:00:00+01:00,0.694058895111084,0.6942033767700195,0.6937218308448792,0.6940106749534607
2026-07-08T21:00:00+01:00,0.6939625144004822,0.6940106749534607,0.6930967569351196,0.6932889819145203
2026-07-08T22:00:00+01:00,0.6932408809661865,0.6939143538475037,0.6927126049995422,0.6930967569351196
2026-07-08T23:00:00+01:00,0.6933370232582092,0.6934331655502319,0.6932408809661865,0.6932408809661865
2026-07-09T00:00:00+01:00,0.6932408809661865,0.6938661932945251,0.6932408809661865,0.6938180923461914
2026-07-09T01:00:00+01:00,0.6938661932945251,0.6942033767700195,0.6934331655502319,0.6935774683952332
2026-07-09T02:00:00+01:00,0.6935293674468994,0.6935293674468994,0.6929046511650085,0.6931928396224976
2026-07-09T03:00:00+01:00,0.693385124206543,0.6939625144004822,0.6932889819145203,0.6933370232582092
2026-07-09T04:00:00+01:00,0.6932889819145203,0.6939143538475037,0.6930007338523865,0.6935774683952332
2026-07-09T05:00:00+01:00,0.6936737298965454,0.6939143538475037,0.6934331655502319,0.6939143538475037
2026-07-09T06:00:00+01:00,0.6939625144004822,0.6941069960594177,0.6936737298965454,0.694058895111084
2026-07-09T07:00:00+01:00,0.6942515969276428,0.6947821974754333,0.6940106749534607,0.694155216217041
2026-07-09T08:00:00+01:00,0.6942998170852661,0.6942998170852661,0.6936737298965454,0.6938180923461914
2026-07-09T09:00:00+01:00,0.694058895111084,0.6942033767700195,0.6937218308448792,0.6937218308448792
2026-07-09T10:00:00+01:00,0.6937699317932129,0.6940106749534607,0.6935774683952332,0.6940106749534607
2026-07-09T11:00:00+01:00,0.6939625144004822,0.6940106749534607,0.6932408809661865,0.693385124206543
2026-07-09T12:00:00+01:00,0.6934331655502319,0.6937218308448792,0.6932889819145203,0.6936255693435669
2026-07-09T13:00:00+01:00,0.6937699317932129,0.694155216217041,0.693385124206543,0.693385124206543
2026-07-09T14:00:00+01:00,0.6935293674468994,0.6942515969276428,0.6935293674468994,0.6942515969276428
2026-07-09T15:00:00+01:00,0.6942515969276428,0.6946856379508972,0.6940106749534607,0.6941069960594177
2026-07-09T16:00:00+01:00,0.694058895111084,0.6947821974754333,0.694058895111084,0.6946374177932739
2026-07-09T17:00:00+01:00,0.6946374177932739,0.6948787569999695,0.6943480372428894,0.6943480372428894
2026-07-09T18:00:00+01:00,0.6943962574005127,0.6947821974754333,0.6943480372428894,0.6947821974754333
2026-07-09T19:00:00+01:00,0.6947339177131653,0.6947339177131653,0.6943480372428894,0.6945409178733826
2026-07-09T20:00:00+01:00,0.6945891380310059,0.6945891380310059,0.6940106749534607,0.6942033767700195
2026-07-09T21:00:00+01:00,0.6942515969276428,0.6943962574005127,0.6942033767700195,0.6943962574005127
2026-07-09T22:00:00+01:00,0.6942998170852661,0.6946374177932739,0.6940106749534607,0.6942033767700195
2026-07-09T23:00:00+01:00,0.6942033767700195,0.6944926381111145,0.6942033767700195,0.6943480372428894
2026-07-10T00:00:00+01:00,0.6943962574005127,0.6944926381111145,0.6943962574005127,0.6944926381111145
2026-07-10T01:00:00+01:00,0.6945891380310059,0.6948304176330566,0.6936737298965454,0.6948304176330566
2026-07-10T02:00:00+01:00,0.6948787569999695,0.6955069899559021,0.6946374177932739,0.6955069899559021
2026-07-10T03:00:00+01:00,0.6951685547828674,0.6971555948257446,0.6951685547828674,0.697009801864624
2026-07-10T04:00:00+01:00,0.6969612240791321,0.6971070170402527,0.696233332157135,0.696233332157135
2026-07-10T05:00:00+01:00,0.696233332157135,0.696233332157135,0.6955553889274597,0.6955553889274597
2026-07-10T06:00:00+01:00,0.695652186870575,0.6957973837852478,0.6948787569999695,0.6951202750205994
2026-07-10T07:00:00+01:00,0.6951202750205994,0.6956037878990173,0.6951202750205994,0.6953619718551636
2026-07-10T08:00:00+01:00,0.6951685547828674,0.695313572883606,0.6946374177932739,0.6947821974754333
2026-07-10T09:00:00+01:00,0.6947821974754333,0.6949753165245056,0.6943962574005127,0.6946374177932739
2026-07-10T10:00:00+01:00,0.6945891380310059,0.6949753165245056,0.6944926381111145,0.6948787569999695
2026-07-10T11:00:00+01:00,0.6948787569999695,0.695458710193634,0.6948787569999695,0.6952168941497803
2026-07-10T12:00:00+01:00,0.6951685547828674,0.6952168941497803,0.6944926381111145,0.6951202750205994
2026-07-10T13:00:00+01:00,0.6952168941497803,0.6956037878990173,0.6948787569999695,0.6951202750205994
2026-07-10T14:00:00+01:00,0.6952168941497803,0.6955553889274597,0.6949753165245056,0.6950236558914185
2026-07-10T15:00:00+01:00,0.6949753165245056,0.6953619718551636,0.6946856379508972,0.6948304176330566
2026-07-10T16:00:00+01:00,0.6947821974754333,0.6960880160331726,0.6947821974754333,0.6960880160331726
2026-07-10T17:00:00+01:00,0.696136474609375,0.6967184543609619,0.696136474609375,0.6962818503379822
2026-07-10T18:00:00+01:00,0.696136474609375,0.696136474609375,0.6955553889274597,0.6955553889274597
2026-07-10T19:00:00+01:00,0.6955553889274597,0.695652186870575,0.6954103112220764,0.6955069899559021
2026-07-10T20:00:00+01:00,0.695458710193634,0.6955553889274597,0.6953619718551636,0.6955553889274597
2026-07-10T21:00:00+01:00,0.6955069899559021,0.695652186870575,0.6952652335166931,0.6955553889274597
2026-07-10T22:00:00+01:00,0.6955069899559021,0.6955069899559021,0.6955069899559021,0.6955069899559021
2026-07-13T00:00:00+01:00,0.6939625144004822,0.6943962574005127,0.6939625144004822,0.6943962574005127
2026-07-13T01:00:00+01:00,0.6943962574005127,0.6945891380310059,0.6935774683952332,0.6936255693435669
2026-07-13T02:00:00+01:00,0.6934331655502319,0.6939143538475037,0.6932408809661865,0.6936737298965454
2026-07-13T03:00:00+01:00,0.6936737298965454,0.694058895111084,0.6934812664985657,0.6934812664985657
2026-07-13T04:00:00+01:00,0.693385124206543,0.693385124206543,0.6927606463432312,0.6931928396224976
2026-07-13T05:00:00+01:00,0.6930967569351196,0.6935774683952332,0.6928086280822754,0.6935293674468994
2026-07-13T06:00:00+01:00,0.6934812664985657,0.6939625144004822,0.6929526925086975,0.6930487751960754
2026-07-13T07:00:00+01:00,0.6932889819145203,0.6934812664985657,0.6927126049995422,0.6930487751960754
2026-07-13T08:00:00+01:00,0.6931447982788086,0.6939143538475037,0.6931447982788086,0.6938661932945251
2026-07-13T09:00:00+01:00,0.6941069960594177,0.6949270367622375,0.6941069960594177,0.6944926381111145
2026-07-13T10:00:00+01:00,0.6943480372428894,0.6944926381111145,0.694155216217041,0.6943480372428894
2026-07-13T11:00:00+01:00,0.6943962574005127,0.6947821974754333,0.6941069960594177,0.6947821974754333
2026-07-13T12:00:00+01:00,0.6947821974754333,0.6952168941497803,0.6945409178733826,0.6947821974754333
2026-07-13T13:00:00+01:00,0.6947821974754333,0.6948304176330566,0.6942033767700195,0.6948304176330566
2026-07-13T14:00:00+01:00,0.6948787569999695,0.6948787569999695,0.6938180923461914,0.6940106749534607
2026-07-13T15:00:00+01:00,0.6940106749534607,0.6940106749534607,0.6933370232582092,0.6936255693435669
2026-07-13T16:00:00+01:00,0.6938180923461914,0.694058895111084,0.6935293674468994,0.6937218308448792
2026-07-13T17:00:00+01:00,0.6935774683952332,0.6939143538475037,0.6921852231025696,0.6923769116401672
2026-07-13T18:00:00+01:00,0.6923289895057678,0.6928086280822754,0.6923289895057678,0.6924248337745667
2026-07-13T19:00:00+01:00,0.6923769116401672,0.6924248337745667,0.6920893788337708,0.6923769116401672
2026-07-13T20:00:00+01:00,0.6923769116401672,0.6924248337745667,0.6917542815208435,0.6919936537742615
2026-07-13T21:00:00+01:00,0.6919936537742615,0.6920415163040161,0.691658616065979,0.6919457912445068
2026-07-13T22:00:00+01:00,0.6923769116401672,0.6923769116401672,0.6918978691101074,0.6920415163040161
2026-07-13T23:00:00+01:00,0.692233145236969,0.6922810673713684,0.6919457912445068,0.6919457912445068
2026-07-14T00:00:00+01:00,0.6919457912445068,0.6921373009681702,0.6918021440505981,0.6921373009681702
2026-07-14T01:00:00+01:00,0.6921373009681702,0.6923769116401672,0.6917064189910889,0.6921852231025696
2026-07-14T02:00:00+01:00,0.6920893788337708,0.6925687193870544,0.6918978691101074,0.6922810673713684
2026-07-14T03:00:00+01:00,0.6923769116401672,0.6930007338523865,0.6923769116401672,0.6926646828651428
2026-07-14T04:00:00+01:00,0.6927126049995422,0.6934331655502319,0.6924728155136108,0.6933370232582092
2026-07-14T05:00:00+01:00,0.693385124206543,0.6935293674468994,0.6931928396224976,0.6935293674468994
2026-07-14T06:00:00+01:00,0.6935293674468994,0.6941069960594177,0.6935293674468994,0.6936255693435669
2026-07-14T07:00:00+01:00,0.6937218308448792,0.6937218308448792,0.6931928396224976,0.6931928396224976
2026-07-14T08:00:00+01:00,0.6930487751960754,0.6944926381111145,0.6930487751960754,0.6943480372428894
2026-07-14T09:00:00+01:00,0.6944444179534912,0.6946856379508972,0.6939625144004822,0.6946374177932739
2026-07-14T10:00:00+01:00,0.6946856379508972,0.6956037878990173,0.6946856379508972,0.695458710193634
2026-07-14T11:00:00+01:00,0.6954103112220764,0.6955069899559021,0.6942998170852661,0.6942998170852661
2026-07-14T12:00:00+01:00,0.6942515969276428,0.6947821974754333,0.6941069960594177,0.6946856379508972
2026-07-14T13:00:00+01:00,0.6946374177932739,0.6985191702842712,0.6943480372428894,0.6971070170402527
2026-07-14T14:00:00+01:00,0.6974959969520569,0.6985191702842712,0.69730144739151,0.6984215378761292
2026-07-14T15:00:00+01:00,0.6984703540802002,0.6991540193557739,0.6982265114784241,0.6989585757255554
2026-07-14T16:00:00+01:00,0.6988120079040527,0.6994474530220032,0.6974959969520569,0.6974959969520569
2026-07-14T17:00:00+01:00,0.6973500847816467,0.69808030128479,0.6972528100013733,0.69808030128479
2026-07-14T18:00:00+01:00,0.69808030128479,0.6981289982795715,0.6973987221717834,0.69773930311203
2026-07-14T19:00:00+01:00,0.6977880001068115,0.697934091091156,0.6973500847816467,0.6976906061172485
2026-07-14T20:00:00+01:00,0.6976906061172485,0.69773930311203,0.6974473595619202,0.6975446939468384
2026-07-14T21:00:00+01:00,0.6974473595619202,0.6976906061172485,0.6973500847816467,0.6976906061172485
2026-07-14T22:00:00+01:00,0.6980315446853638,0.6980315446853638,0.6972042322158813,0.6976419687271118
2026-07-14T23:00:00+01:00,0.6976419687271118,0.6976906061172485,0.6974959969520569,0.6975446939468384
2026-07-15T00:00:00+01:00,0.6974959969520569,0.697934091091156,0.6974959969520569,0.6977880001068115
2026-07-15T01:00:00+01:00,0.6979827880859375,0.6987631916999817,0.6979827880859375,0.6987631916999817
2026-07-15T02:00:00+01:00,0.6986654996871948,0.6989096999168396,0.6982752084732056,0.6988120079040527
2026-07-15T03:00:00+01:00,0.6988120079040527,0.6993985176086426,0.6985191702842712,0.6993985176086426
2026-07-15T04:00:00+01:00,0.6994474530220032,0.6994963884353638,0.6986654996871948,0.6989585757255554
2026-07-15T05:00:00+01:00,0.6991051435470581,0.6991051435470581,0.6985679268836975,0.6985679268836975
2026-07-15T06:00:00+01:00,0.6986654996871948,0.6991540193557739,0.6984703540802002,0.6989585757255554
2026-07-15T07:00:00+01:00,0.6989585757255554,0.6993007063865662,0.6988120079040527,0.6988120079040527
2026-07-15T08:00:00+01:00,0.6988608837127686,0.6992028951644897,0.69808030128479,0.6988608837127686
2026-07-15T09:00:00+01:00,0.6988608837127686,0.6991540193557739,0.6987143754959106,0.6990073919296265
2026-07-15T10:00:00+01:00,0.6991051435470581,0.6993007063865662,0.6987631916999817,0.6988608837127686
2026-07-15T11:00:00+01:00,0.6987143754959106,0.6988608837127686,0.6982752084732056,0.6984703540802002
2026-07-15T12:00:00+01:00,0.6987143754959106,0.6989096999168396,0.6985679268836975,0.6989096999168396
2026-07-15T13:00:00+01:00,0.6988608837127686,0.6999860405921936,0.6985679268836975,0.6999860405921936
2026-07-15T14:00:00+01:00,0.6998390555381775,0.7000349760055542,0.6993007063865662,0.6997900605201721
2026-07-15T15:00:00+01:00,0.6997410655021667,0.7001820206642151,0.699594259262085,0.7001330256462097
2026-07-15T16:00:00+01:00,0.7001330256462097,0.700427234172821,0.6997900605201721,0.7001330256462097
2026-07-15T17:00:00+01:00,0.7000349760055542,0.7000349760055542,0.6992518305778503,0.6995453238487244
2026-07-15T18:00:00+01:00,0.6998390555381775,0.7017543911933899,0.6998390555381775,0.7017543911933899
2026-07-15T19:00:00+01:00,0.7018528580665588,0.7022964954376221,0.7011638879776001,0.7011638879776001
2026-07-15T20:00:00+01:00,0.7011147737503052,0.7015082240104675,0.7007708549499512,0.7009673714637756
2026-07-15T21:00:00+01:00,0.7009673714637756,0.7010164856910706,0.7008199691772461,0.700869083404541
2026-07-15T22:00:00+01:00,0.7005254030227661,0.7009673714637756,0.7005254030227661,0.7006726861000061
2026-07-15T23:00:00+01:00,0.7009181976318359,0.7009673714637756,0.7007708549499512,0.7008199691772461
2026-07-16T00:00:00+01:00,0.700869083404541,0.7012622952461243,0.7008199691772461,0.7010656595230103
2026-07-16T01:00:00+01:00,0.7012130618095398,0.701311469078064,0.6998880505561829,0.7000349760055542
2026-07-16T02:00:00+01:00,0.7000349760055542,0.7000349760055542,0.699349582195282,0.6994474530220032
2026-07-16T03:00:00+01:00,0.6993985176086426,0.6997900605201721,0.6989585757255554,0.6997900605201721
2026-07-16T04:00:00+01:00,0.6997410655021667,0.7003291845321655,0.6997410655021667,0.7002310752868652
2026-07-16T05:00:00+01:00,0.7002801299095154,0.7005254030227661,0.7001330256462097,0.7002310752868652
2026-07-16T06:00:00+01:00,0.7001330256462097,0.7003291845321655,0.6996921300888062,0.6996921300888062
2026-07-16T07:00:00+01:00,0.6997900605201721,0.7001820206642151,0.6997410655021667,0.7001820206642151
2026-07-16T08:00:00+01:00,0.7001330256462097,0.7003781795501709,0.6999370455741882,0.7000839710235596
2026-07-16T09:00:00+01:00,0.7000839710235596,0.7001820206642151,0.6996921300888062,0.7001330256462097
2026-07-16T10:00:00+01:00,0.7001330256462097,0.7005254030227661,0.7000349760055542,0.7001820206642151
2026-07-16T11:00:00+01:00,0.7001820206642151,0.7007708549499512,0.7001820206642151,0.7006235718727112
2026-07-16T12:00:00+01:00,0.7005254030227661,0.7009181976318359,0.7003781795501709,0.7008199691772461
2026-07-16T13:00:00+01:00,0.7011638879776001,0.7012622952461243,0.6998880505561829,0.7000349760055542
2026-07-16T14:00:00+01:00,0.7000349760055542,0.7011638879776001,0.7000349760055542,0.7006235718727112
2026-07-16T15:00:00+01:00,0.7006726861000061,0.7014589905738831,0.7005744576454163,0.700721800327301
2026-07-16T16:00:00+01:00,0.7006726861000061,0.7007708549499512,0.7003291845321655,0.7003781795501709
2026-07-16T17:00:00+01:00,0.7003781795501709,0.7003781795501709,0.6994963884353638,0.6996431946754456
2026-07-16T18:00:00+01:00,0.6995453238487244,0.6996921300888062,0.6993007063865662,0.6995453238487244
2026-07-16T19:00:00+01:00,0.6995453238487244,0.6997900605201721,0.6993985176086426,0.6997900605201721
2026-07-16T20:00:00+01:00,0.6998880505561829,0.6998880505561829,0.6994474530220032,0.6997410655021667
2026-07-16T21:00:00+01:00,0.6997410655021667,0.6999860405921936,0.6996921300888062,0.6999860405921936
2026-07-16T22:00:00+01:00,0.6996921300888062,0.7002801299095154,0.6996431946754456,0.6998390555381775
2026-07-16T23:00:00+01:00,0.7000349760055542,0.7000839710235596,0.6997900605201721,0.6998390555381775
2026-07-17T00:00:00+01:00,0.6998880505561829,0.7001820206642151,0.6998880505561829,0.7001820206642151
2026-07-17T01:00:00+01:00,0.7002310752868652,0.7002801299095154,0.6994963884353638,0.7000839710235596
2026-07-17T02:00:00+01:00,0.7001330256462097,0.7002801299095154,0.6983727812767029,0.6984215378761292
2026-07-17T03:00:00+01:00,0.6984703540802002,0.6987631916999817,0.69808030128479,0.6981777548789978
2026-07-17T04:00:00+01:00,0.6982752084732056,0.6989585757255554,0.6982265114784241,0.6985191702842712
2026-07-17T05:00:00+01:00,0.6983727812767029,0.6983727812767029,0.697934091091156,0.6981777548789978
2026-07-17T06:00:00+01:00,0.6981289982795715,0.6982752084732056,0.6979827880859375,0.6979827880859375
2026-07-17T07:00:00+01:00,0.6982265114784241,0.6992518305778503,0.6981289982795715,0.6988608837127686
2026-07-17T08:00:00+01:00,0.6990073919296265,0.6992028951644897,0.6986167430877686,0.6986167430877686
2026-07-17T09:00:00+01:00,0.6987631916999817,0.6989585757255554,0.6974959969520569,0.6976419687271118
2026-07-17T10:00:00+01:00,0.6974473595619202,0.69773930311203,0.6971070170402527,0.6973987221717834
2026-07-17T11:00:00+01:00,0.6973500847816467,0.6974959969520569,0.6972042322158813,0.6972528100013733
2026-07-17T12:00:00+01:00,0.6972042322158813,0.697934091091156,0.6969612240791321,0.69773930311203
2026-07-17T13:00:00+01:00,0.697836697101593,0.697836697101593,0.6971555948257446,0.6971555948257446
2026-07-17T14:00:00+01:00,0.6972042322158813,0.6980315446853638,0.697009801864624,0.6980315446853638
2026-07-17T15:00:00+01:00,0.6981777548789978,0.6984703540802002,0.6979827880859375,0.6983240246772766
2026-07-17T16:00:00+01:00,0.6982265114784241,0.6987631916999817,0.6982265114784241,0.6986654996871948
2026-07-17T17:00:00+01:00,0.6985191702842712,0.6989096999168396,0.6981777548789978,0.6986167430877686
2026-07-17T18:00:00+01:00,0.6986654996871948,0.6987631916999817,0.6984215378761292,0.6984703540802002
2026-07-17T19:00:00+01:00,0.6983727812767029,0.6986167430877686,0.6983240246772766,0.6985191702842712
2026-07-17T20:00:00+01:00,0.6984215378761292,0.6987631916999817,0.6982265114784241,0.6987631916999817
2026-07-17T21:00:00+01:00,0.6986167430877686,0.6986654996871948,0.6982265114784241,0.6984215378761292
2026-07-17T22:00:00+01:00,0.6984703540802002,0.6984703540802002,0.6984703540802002,0.6984703540802002
2026-07-20T00:00:00+01:00,0.6977880001068115,0.69808030128479,0.6976906061172485,0.6979827880859375
2026-07-20T01:00:00+01:00,0.69808030128479,0.6987631916999817,0.6977880001068115,0.6986167430877686
2026-07-20T02:00:00+01:00,0.6988120079040527,0.6991051435470581,0.6987631916999817,0.6990073919296265
2026-07-20T03:00:00+01:00,0.6990562677383423,0.6996921300888062,0.6990562677383423,0.6995453238487244
2026-07-20T04:00:00+01:00,0.6994963884353638,0.6997410655021667,0.6992518305778503,0.699594259262085
2026-07-20T05:00:00+01:00,0.6996431946754456,0.7001330256462097,0.699594259262085,0.6999370455741882
2026-07-20T06:00:00+01:00,0.6999370455741882,0.6999370455741882,0.699349582195282,0.699349582195282
2026-07-20T07:00:00+01:00,0.6993007063865662,0.6994963884353638,0.6988608837127686,0.6993007063865662
2026-07-20T08:00:00+01:00,0.6992028951644897,0.700721800327301,0.6992028951644897,0.7003781795501709
2026-07-20T09:00:00+01:00,0.7003291845321655,0.7004762887954712,0.7000349760055542,0.7002310752868652
2026-07-20T10:00:00+01:00,0.7002310752868652,0.7002310752868652,0.6999370455741882,0.7000839710235596
2026-07-20T11:00:00+01:00,0.7000839710235596,0.7010164856910706,0.7000839710235596,0.7009673714637756
2026-07-20T12:00:00+01:00,0.7009673714637756,0.7016066908836365,0.7007708549499512,0.7011638879776001
2026-07-20T13:00:00+01:00,0.7011147737503052,0.7011638879776001,0.700427234172821,0.7007708549499512
2026-07-20T14:00:00+01:00,0.700721800327301,0.701311469078064,0.7006235718727112,0.701311469078064
2026-07-20T15:00:00+01:00,0.701311469078064,0.7016066908836365,0.7002801299095154,0.7002801299095154
2026-07-20T16:00:00+01:00,0.7001330256462097,0.7005744576454163,0.7001330256462097,0.7005744576454163
2026-07-20T17:00:00+01:00,0.7005744576454163,0.7009673714637756,0.700427234172821,0.7006235718727112
2026-07-20T18:00:00+01:00,0.7006235718727112,0.700721800327301,0.700427234172821,0.7006235718727112
2026-07-20T19:00:00+01:00,0.7006235718727112,0.7009673714637756,0.7003291845321655,0.7003781795501709
2026-07-20T20:00:00+01:00,0.7005254030227661,0.7005254030227661,0.7001330256462097,0.7002801299095154
2026-07-20T21:00:00+01:00,0.7003291845321655,0.7003291845321655,0.6998880505561829,0.7001330256462097
2026-07-20T22:00:00+01:00,0.7000349760055542,0.7005254030227661,0.6996921300888062,0.6996921300888062
2026-07-20T23:00:00+01:00,0.6999370455741882,0.6999370455741882,0.699594259262085,0.6996921300888062
2026-07-21T00:00:00+01:00,0.6997410655021667,0.7002801299095154,0.6997410655021667,0.7002801299095154
2026-07-21T01:00:00+01:00,0.7002801299095154,0.7008199691772461,0.6999860405921936,0.7006235718727112
2026-07-21T02:00:00+01:00,0.700427234172821,0.7009181976318359,0.7003781795501709,0.7007708549499512
2026-07-21T03:00:00+01:00,0.7008199691772461,0.7011638879776001,0.700721800327301,0.7009673714637756
2026-07-21T04:00:00+01:00,0.7010164856910706,0.7010164856910706,0.700721800327301,0.700721800327301
2026-07-21T05:00:00+01:00,0.700721800327301,0.7009673714637756,0.7006235718727112,0.7009673714637756
2026-07-21T06:00:00+01:00,0.7010164856910706,0.701311469078064,0.700869083404541,0.7010656595230103
2026-07-21T07:00:00+01:00,0.7011638879776001,0.702049970626831,0.7011638879776001,0.702049970626831
2026-07-21T08:00:00+01:00,0.7020993232727051,0.7024939060211182,0.7019514441490173,0.7022472023963928
2026-07-21T09:00:00+01:00,0.7021485567092896,0.7024939060211182,0.7021485567092896,0.7024939060211182
2026-07-21T10:00:00+01:00,0.7024445533752441,0.7028394937515259,0.7024445533752441,0.7025925517082214
2026-07-21T11:00:00+01:00,0.7026419043540955,0.7028888463973999,0.7020993232727051,0.7021978497505188
2026-07-21T12:00:00+01:00,0.7021978497505188,0.7021978497505188,0.7018036246299744,0.7019514441490173
2026-07-21T13:00:00+01:00,0.7020993232727051,0.7020993232727051,0.7014098763465881,0.7018528580665588
2026-07-21T14:00:00+01:00,0.7018528580665588,0.7019021511077881,0.7005744576454163,0.7007708549499512
2026-07-21T15:00:00+01:00,0.700869083404541,0.7014098763465881,0.7005744576454163,0.7006726861000061
2026-07-21T16:00:00+01:00,0.7006726861000061,0.7014589905738831,0.7006726861000061,0.7009673714637756
2026-07-21T17:00:00+01:00,0.7009673714637756,0.7010164856910706,0.7005744576454163,0.7009673714637756
2026-07-21T18:00:00+01:00,0.7009673714637756,0.7010164856910706,0.7007708549499512,0.7008199691772461
2026-07-21T19:00:00+01:00,0.7008199691772461,0.7008199691772461,0.7005254030227661,0.700721800327301
2026-07-21T20:00:00+01:00,0.7008199691772461,0.7008199691772461,0.7003291845321655,0.7004762887954712
2026-07-21T21:00:00+01:00,0.7005744576454163,0.7005744576454163,0.7000349760055542,0.7000349760055542
2026-07-21T22:00:00+01:00,0.7000839710235596,0.700427234172821,0.7000839710235596,0.7003291845321655
2026-07-21T23:00:00+01:00,0.7001330256462097,0.7002310752868652,0.6999860405921936,0.7000349760055542
2026-07-22T00:00:00+01:00,0.6999860405921936,0.7001820206642151,0.6999860405921936,0.7001820206642151
2026-07-22T01:00:00+01:00,0.7001330256462097,0.7009673714637756,0.7001330256462097,0.7009673714637756
2026-07-22T02:00:00+01:00,0.7013606429100037,0.7014589905738831,0.7005744576454163,0.700869083404541
2026-07-22T03:00:00+01:00,0.700721800327301,0.7010164856910706,0.7003781795501709,0.7006235718727112
2026-07-22T04:00:00+01:00,0.7006726861000061,0.7008199691772461,0.7000839710235596,0.7001330256462097
2026-07-22T05:00:00+01:00,0.7001330256462097,0.7002801299095154,0.6999370455741882,0.7000839710235596
2026-07-22T06:00:00+01:00,0.7001820206642151,0.7001820206642151,0.6996431946754456,0.6997900605201721
2026-07-22T07:00:00+01:00,0.7000349760055542,0.7001820206642151,0.6992518305778503,0.6997900605201721
2026-07-22T08:00:00+01:00,0.6997900605201721,0.7006726861000061,0.6997410655021667,0.6999860405921936
2026-07-22T09:00:00+01:00,0.6997410655021667,0.7001330256462097,0.6994963884353638,0.7000349760055542
2026-07-22T10:00:00+01:00,0.6999370455741882,0.7000839710235596,0.6994963884353638,0.699594259262085
2026-07-22T11:00:00+01:00,0.6996431946754456,0.6997410655021667,0.6993985176086426,0.699594259262085
2026-07-22T12:00:00+01:00,0.6994963884353638,0.6996431946754456,0.6992518305778503,0.6996431946754456
2026-07-22T13:00:00+01:00,0.6996921300888062,0.6997410655021667,0.6987631916999817,0.6988120079040527
2026-07-22T14:00:00+01:00,0.6988120079040527,0.7001330256462097,0.6988120079040527,0.6996921300888062
2026-07-22T15:00:00+01:00,0.6997900605201721,0.7001330256462097,0.6995453238487244,0.6998880505561829
2026-07-22T16:00:00+01:00,0.6998390555381775,0.7001820206642151,0.6997900605201721,0.7001820206642151
2026-07-22T17:00:00+01:00,0.7002801299095154,0.7002801299095154,0.6996431946754456,0.6998390555381775
2026-07-22T18:00:00+01:00,0.6998390555381775,0.6998390555381775,0.6994963884353638,0.6995453238487244
2026-07-22T19:00:00+01:00,0.6994963884353638,0.6997410655021667,0.699349582195282,0.6997410655021667
2026-07-22T20:00:00+01:00,0.6997410655021667,0.6997900605201721,0.6995453238487244,0.6997900605201721
2026-07-22T21:00:00+01:00,0.6998390555381775,0.7000349760055542,0.6998390555381775,0.6999860405921936
2026-07-22T22:00:00+01:00,0.6997410655021667,0.6999860405921936,0.6991540193557739,0.6994474530220032
2026-07-22T23:00:00+01:00,0.6994963884353638,0.6994963884353638,0.6989585757255554,0.6990562677383423
2026-07-23T00:00:00+01:00,0.6991540193557739,0.6993007063865662,0.6991051435470581,0.6992028951644897
2026-07-23T01:00:00+01:00,0.6991540193557739,0.699594259262085,0.6991051435470581,0.699594259262085
2026-07-23T02:00:00+01:00,0.6996921300888062,0.7021978497505188,0.6996921300888062,0.7013606429100037
2026-07-23T03:00:00+01:00,0.7013606429100037,0.7018036246299744,0.7013606429100037,0.7014098763465881
2026-07-23T04:00:00+01:00,0.7018528580665588,0.7020993232727051,0.7014589905738831,0.702049970626831
2026-07-23T05:00:00+01:00,0.7020007371902466,0.7023458480834961,0.7016066908836365,0.7017051577568054
2026-07-23T06:00:00+01:00,0.7017543911933899,0.7019021511077881,0.7014589905738831,0.7015082240104675
2026-07-23T07:00:00+01:00,0.701557457447052,0.7017051577568054,0.7009673714637756,0.7009673714637756
2026-07-23T08:00:00+01:00,0.700721800327301,0.7011147737503052,0.7000839710235596,0.7005254030227661
2026-07-23T09:00:00+01:00,0.7006235718727112,0.7006726861000061,0.7000349760055542,0.700427234172821
2026-07-23T10:00:00+01:00,0.7002801299095154,0.7008199691772461,0.7000839710235596,0.7001820206642151
2026-07-23T11:00:00+01:00,0.7000839710235596,0.7001330256462097,0.6998390555381775,0.7001330256462097
2026-07-23T12:00:00+01:00,0.6999860405921936,0.7000839710235596,0.6988608837127686,0.6995453238487244
2026-07-23T13:00:00+01:00,0.6994963884353638,0.6996431946754456,0.697836697101593,0.6981777548789978
2026-07-23T14:00:00+01:00,0.6981289982795715,0.6984703540802002,0.6971070170402527,0.6976906061172485
2026-07-23T15:00:00+01:00,0.6976419687271118,0.69808030128479,0.6972042322158813,0.6974959969520569
2026-07-23T16:00:00+01:00,0.6974959969520569,0.69773930311203,0.697009801864624,0.697009801864624
2026-07-23T17:00:00+01:00,0.6976419687271118,0.6980315446853638,0.6976419687271118,0.6980315446853638
2026-07-23T18:00:00+01:00,0.6979827880859375,0.6979827880859375,0.6972042322158813,0.6972042322158813
2026-07-23T19:00:00+01:00,0.6972042322158813,0.6972042322158813,0.6967184543609619,0.6967184543609619
2026-07-23T20:00:00+01:00,0.6969612240791321,0.6969612240791321,0.6964758634567261,0.696864128112793
2026-07-23T21:00:00+01:00,0.6969612240791321,0.6971555948257446,0.6969126462936401,0.697009801864624
2026-07-23T22:00:00+01:00,0.6969612240791321,0.6973500847816467,0.6967670321464539,0.69730144739151
2026-07-23T23:00:00+01:00,0.697009801864624,0.6971070170402527,0.6969612240791321,0.6971070170402527
2026-07-24T00:00:00+01:00,0.6971070170402527,0.6972042322158813,0.696864128112793,0.6969126462936401
2026-07-24T01:00:00+01:00,0.6969612240791321,0.697836697101593,0.6969612240791321,0.697836697101593
2026-07-24T02:00:00+01:00,0.6978854537010193,0.6982265114784241,0.6974959969520569,0.69773930311203
2026-07-24T03:00:00+01:00,0.6977880001068115,0.6982265114784241,0.6976906061172485,0.6977880001068115
2026-07-24T04:00:00+01:00,0.6975932717323303,0.6978854537010193,0.6975932717323303,0.6976419687271118
2026-07-24T05:00:00+01:00,0.6976906061172485,0.697934091091156,0.6973987221717834,0.6974959969520569
2026-07-24T06:00:00+01:00,0.6975932717323303,0.6982265114784241,0.6975446939468384,0.6976906061172485
2026-07-24T07:00:00+01:00,0.6976906061172485,0.6984215378761292,0.6976906061172485,0.6984215378761292
2026-07-24T08:00:00+01:00,0.6986167430877686,0.6991051435470581,0.6985191702842712,0.6987143754959106
2026-07-24T09:00:00+01:00,0.6986167430877686,0.6990562677383423,0.6985679268836975,0.6990562677383423
2026-07-24T10:00:00+01:00,0.6990073919296265,0.6993007063865662,0.6989096999168396,0.6993007063865662
2026-07-24T11:00:00+01:00,0.6994963884353638,0.6996921300888062,0.699349582195282,0.6996921300888062
2026-07-24T12:00:00+01:00,0.6994474530220032,0.699594259262085,0.6988608837127686,0.6988608837127686
2026-07-24T13:00:00+01:00,0.6991051435470581,0.6991051435470581,0.6977880001068115,0.697836697101593
2026-07-24T14:00:00+01:00,0.6979827880859375,0.6979827880859375,0.6975446939468384,0.697934091091156
2026-07-24T15:00:00+01:00,0.69808030128479,0.6990073919296265,0.6980315446853638,0.6990073919296265
2026-07-24T16:00:00+01:00,0.6989585757255554,0.6996431946754456,0.6989585757255554,0.6996431946754456
2026-07-24T17:00:00+01:00,0.6997410655021667,0.6997900605201721,0.6991540193557739,0.699349582195282
2026-07-24T18:00:00+01:00,0.6993007063865662,0.6993007063865662,0.6986654996871948,0.6988608837127686
2026-07-24T19:00:00+01:00,0.6988120079040527,0.6988608837127686,0.6984215378761292,0.6984703540802002
2026-07-24T20:00:00+01:00,0.6985679268836975,0.6985679268836975,0.6981777548789978,0.6982752084732056
2026-07-24T21:00:00+01:00,0.6982265114784241,0.6985679268836975,0.6981289982795715,0.6985679268836975
2026-07-24T22:00:00+01:00,0.6983240246772766,0.6983240246772766,0.6983240246772766,0.6983240246772766
2026-07-27T00:00:00+01:00,0.6993985176086426,0.6997900605201721,0.699349582195282,0.6997410655021667
2026-07-27T01:00:00+01:00,0.6999370455741882,0.700427234172821,0.699594259262085,0.699594259262085
2026-07-27T02:00:00+01:00,0.6995453238487244,0.7006726861000061,0.6995453238487244,0.7006726861000061
2026-07-27T03:00:00+01:00,0.7006726861000061,0.7006726861000061,0.7000839710235596,0.7001820206642151
2026-07-27T04:00:00+01:00,0.7001330256462097,0.7001330256462097,0.6996921300888062,0.7000349760055542
2026-07-27T05:00:00+01:00,0.7000349760055542,0.7001820206642151,0.6997410655021667,0.6999370455741882
2026-07-27T06:00:00+01:00,0.6999370455741882,0.7005744576454163,0.6999370455741882,0.7004762887954712
2026-07-27T07:00:00+01:00,0.7005744576454163,0.7013606429100037,0.7004762887954712,0.7009673714637756
2026-07-27T08:00:00+01:00,0.7009181976318359,0.7011147737503052,0.7003781795501709,0.700427234172821
2026-07-27T09:00:00+01:00,0.7005254030227661,0.7006235718727112,0.7002310752868652,0.7006235718727112
2026-07-27T10:00:00+01:00,0.700427234172821,0.7006235718727112,0.7002801299095154,0.7004762887954712
2026-07-27T11:00:00+01:00,0.7005254030227661,0.7007708549499512,0.7002801299095154,0.700427234172821
2026-07-27T12:00:00+01:00,0.7004762887954712,0.7006235718727112,0.7002801299095154,0.7004762887954712
2026-07-27T13:00:00+01:00,0.7002310752868652,0.7002310752868652,0.6995453238487244,0.6999860405921936
2026-07-27T14:00:00+01:00,0.6997900605201721,0.7003291845321655,0.6996921300888062,0.6998390555381775
2026-07-27T15:00:00+01:00,0.6996431946754456,0.6999370455741882,0.6988608837127686,0.6994474530220032
2026-07-27T16:00:00+01:00,0.6994963884353638,0.6997410655021667,0.6993007063865662,0.699594259262085
2026-07-27T17:00:00+01:00,0.6994474530220032,0.7000839710235596,0.699349582195282,0.6997410655021667
2026-07-27T18:00:00+01:00,0.6996431946754456,0.6996431946754456,0.6990073919296265,0.6992028951644897
2026-07-27T19:00:00+01:00,0.6991540193557739,0.6992028951644897,0.6989096999168396,0.6990562677383423
2026-07-27T20:00:00+01:00,0.6991051435470581,0.699594259262085,0.6990562677383423,0.6994963884353638
2026-07-27T21:00:00+01:00,0.6994474530220032,0.6994474530220032,0.6991540193557739,0.6992028951644897
2026-07-27T22:00:00+01:00,0.6992028951644897,0.6994474530220032,0.6991051435470581,0.6994474530220032
2026-07-27T23:00:00+01:00,0.6991051435470581,0.6992028951644897,0.6990073919296265,0.6990073919296265
2026-07-28T00:00:00+01:00,0.6989585757255554,0.6990073919296265,0.6987631916999817,0.6989096999168396
2026-07-28T01:00:00+01:00,0.6988120079040527,0.6991540193557739,0.6984215378761292,0.6991540193557739
2026-07-28T02:00:00+01:00,0.6992518305778503,0.6996921300888062,0.6989096999168396,0.6992028951644897
2026-07-28T03:00:00+01:00,0.6992028951644897,0.6998390555381775,0.6992028951644897,0.6996431946754456
2026-07-28T04:00:00+01:00,0.699594259262085,0.6996431946754456,0.6983727812767029,0.6983727812767029
2026-07-28T05:00:00+01:00,0.6979827880859375,0.6979827880859375,0.6972528100013733,0.6973987221717834
2026-07-28T06:00:00+01:00,0.6973987221717834,0.6974473595619202,0.6965728402137756,0.6969612240791321
2026-07-28T07:00:00+01:00,0.6969126462936401,0.69773930311203,0.6966699361801147,0.6974473595619202
2026-07-28T08:00:00+01:00,0.69730144739151,0.697836697101593,0.697009801864624,0.6972042322158813
2026-07-28T09:00:00+01:00,0.6972042322158813,0.6975446939468384,0.6969612240791321,0.6974959969520569
2026-07-28T10:00:00+01:00,0.6976419687271118,0.6976906061172485,0.6967184543609619,0.6967184543609619
2026-07-28T11:00:00+01:00,0.6967670321464539,0.6969126462936401,0.6966213583946228,0.6967670321464539
2026-07-28T12:00:00+01:00,0.696815550327301,0.6969126462936401,0.6965728402137756,0.696864128112793
2026-07-28T13:00:00+01:00,0.696864128112793,0.6973500847816467,0.6967184543609619,0.6972042322158813
2026-07-28T14:00:00+01:00,0.6971555948257446,0.6975932717323303,0.6969126462936401,0.69730144739151
2026-07-28T15:00:00+01:00,0.6974959969520569,0.6976419687271118,0.6966213583946228,0.6969612240791321
2026-07-28T16:00:00+01:00,0.6971070170402527,0.6983240246772766,0.696815550327301,0.6981289982795715
2026-07-28T17:00:00+01:00,0.6986167430877686,0.6988608837127686,0.6984215378761292,0.6984703540802002
2026-07-28T18:00:00+01:00,0.6985679268836975,0.6985679268836975,0.6977880001068115,0.6977880001068115
2026-07-28T19:00:00+01:00,0.697836697101593,0.697934091091156,0.6976419687271118,0.69773930311203
2026-07-28T20:00:00+01:00,0.6977880001068115,0.6980315446853638,0.6976906061172485,0.6976906061172485
2026-07-28T21:00:00+01:00,0.69773930311203,0.6977880001068115,0.6975932717323303,0.6976906061172485
2026-07-28T22:00:00+01:00,0.6982752084732056,0.6983240246772766,0.6975932717323303,0.697836697101593
2026-07-28T23:00:00+01:00,0.6977880001068115,0.697836697101593,0.69730144739151,0.6975446939468384
2026-07-29T00:00:00+01:00,0.6974959969520569,0.6978854537010193,0.6974959969520569,0.6976906061172485
2026-07-29T01:00:00+01:00,0.6974959969520569,0.69773930311203,0.6972042322158813,0.6972042322158813
2026-07-29T02:00:00+01:00,0.69730144739151,0.6974473595619202,0.6948304176330566,0.6949270367622375
2026-07-29T03:00:00+01:00,0.6947821974754333,0.6957973837852478,0.6947821974754333,0.6951202750205994
2026-07-29T04:00:00+01:00,0.6951202750205994,0.695313572883606,0.6947339177131653,0.6948787569999695
2026-07-29T05:00:00+01:00,0.6946856379508972,0.6955069899559021,0.6945891380310059,0.6955069899559021
2026-07-29T06:00:00+01:00,0.6955553889274597,0.6959426403045654,0.6955069899559021,0.6958457827568054
2026-07-29T07:00:00+01:00,0.6960395574569702,0.6960395574569702,0.6954103112220764,0.695458710193634
2026-07-29T08:00:00+01:00,0.695652186870575,0.695894181728363,0.6949753165245056,0.6949753165245056
2026-07-29T09:00:00+01:00,0.6949270367622375,0.6949270367622375,0.6943962574005127,0.6945409178733826
2026-07-29T10:00:00+01:00,0.6944926381111145,0.6947339177131653,0.6943480372428894,0.6944444179534912
2026-07-29T11:00:00+01:00,0.6943962574005127,0.6945891380310059,0.6942515969276428,0.6943480372428894
2026-07-29T12:00:00+01:00,0.6943962574005127,0.6947821974754333,0.6942515969276428,0.6944926381111145
2026-07-29T13:00:00+01:00,0.6946374177932739,0.6946374177932739,0.6938180923461914,0.6942998170852661
2026-07-29T14:00:00+01:00,0.6945409178733826,0.6950236558914185,0.6942998170852661,0.6950236558914185
2026-07-29T15:00:00+01:00,0.6951685547828674,0.6953619718551636,0.6926646828651428,0.6926646828651428
2026-07-29T16:00:00+01:00,0.6927606463432312,0.6931928396224976,0.6927606463432312,0.6930007338523865
2026-07-29T17:00:00+01:00,0.6930487751960754,0.6931447982788086,0.692520797252655,0.6930487751960754
2026-07-29T18:00:00+01:00,0.6931928396224976,0.6938180923461914,0.6930007338523865,0.6937218308448792
2026-07-29T19:00:00+01:00,0.695652186870575,0.6984703540802002,0.6947821974754333,0.6984703540802002
2026-07-29T20:00:00+01:00,0.6984703540802002,0.6989585757255554,0.6950236558914185,0.6950236558914185
2026-07-29T21:00:00+01:00,0.6954103112220764,0.6957489848136902,0.6948304176330566,0.6957489848136902
2026-07-29T22:00:00+01:00,0.695894181728363,0.695894181728363,0.6950236558914185,0.6950236558914185
2026-07-29T23:00:00+01:00,0.695652186870575,0.6960880160331726,0.695652186870575,0.6960395574569702
2026-07-30T00:00:00+01:00,0.6962818503379822,0.6966213583946228,0.6960395574569702,0.6961848735809326
2026-07-30T01:00:00+01:00,0.696233332157135,0.696815550327301,0.6954103112220764,0.695894181728363
2026-07-30T02:00:00+01:00,0.695894181728363,0.6965728402137756,0.695894181728363,0.6960880160331726
2026-07-30T03:00:00+01:00,0.6963303089141846,0.6964758634567261,0.6957489848136902,0.6957489848136902
2026-07-30T04:00:00+01:00,0.6958457827568054,0.6959426403045654,0.6952652335166931,0.695313572883606
2026-07-30T05:00:00+01:00,0.6954103112220764,0.6956037878990173,0.6952652335166931,0.6952652335166931
2026-07-30T06:00:00+01:00,0.6952652335166931,0.6957489848136902,0.6951202750205994,0.6952168941497803
2026-07-30T07:00:00+01:00,0.6952652335166931,0.6957973837852478,0.6949270367622375,0.6955553889274597
2026-07-30T08:00:00+01:00,0.6957973837852478,0.6963788270950317,0.695313572883606,0.6953619718551636
2026-07-30T09:00:00+01:00,0.6953619718551636,0.6965243220329285,0.6953619718551636,0.696233332157135
2026-07-30T10:00:00+01:00,0.6962818503379822,0.6977880001068115,0.6962818503379822,0.6974959969520569
2026-07-30T11:00:00+01:00,0.6975932717323303,0.6982752084732056,0.6974473595619202,0.6978854537010193
2026-07-30T12:00:00+01:00,0.6980315446853638,0.6984703540802002,0.6977880001068115,0.6984703540802002
2026-07-30T13:00:00+01:00,0.6983727812767029,0.6986654996871948,0.697836697101593,0.697836697101593
2026-07-30T14:00:00+01:00,0.69773930311203,0.7020007371902466,0.6976906061172485,0.7020007371902466
2026-07-30T15:00:00+01:00,0.7023952007293701,0.7026419043540955,0.700721800327301,0.700721800327301
2026-07-30T16:00:00+01:00,0.7007708549499512,0.7014589905738831,0.7007708549499512,0.7014589905738831
2026-07-30T17:00:00+01:00,0.7025925517082214,0.7030371427536011,0.7025925517082214,0.7028394937515259
2026-07-30T18:00:00+01:00,0.7029876708984375,0.7031854391098022,0.7025431990623474,0.7031854391098022
2026-07-30T19:00:00+01:00,0.7032843232154846,0.7034327387809753,0.7029876708984375,0.7031360268592834
2026-07-30T20:00:00+01:00,0.703234851360321,0.7034822702407837,0.7030371427536011,0.7034822702407837
2026-07-30T21:00:00+01:00,0.7034822702407837,0.7035317420959473,0.7030865550041199,0.703234851360321
2026-07-30T22:00:00+01:00,0.7026913166046143,0.7028394937515259,0.7021978497505188,0.7026419043540955
2026-07-30T23:00:00+01:00,0.7030865550041199,0.7032843232154846,0.7029876708984375,0.7031360268592834
2026-07-31T00:00:00+01:00,0.703234851360321,0.703234851360321,0.7026419043540955,0.7027900815010071
2026-07-31T01:00:00+01:00,0.7027407288551331,0.7033337950706482,0.7026419043540955,0.703234851360321
2026-07-31T02:00:00+01:00,0.7034327387809753,0.7034822702407837,0.7025431990623474,0.7026419043540955
2026-07-31T03:00:00+01:00,0.7025925517082214,0.7027900815010071,0.7022964954376221,0.7026913166046143
2026-07-31T04:00:00+01:00,0.7026419043540955,0.7028394937515259,0.7023458480834961,0.7027900815010071
2026-07-31T05:00:00+01:00,0.7028394937515259,0.7032843232154846,0.7028394937515259,0.7029876708984375
2026-07-31T06:00:00+01:00,0.7029876708984375,0.7033832669258118,0.7029382586479187,0.703234851360321
2026-07-31T07:00:00+01:00,0.703234851360321,0.7039774656295776,0.703234851360321,0.7035812139511108
2026-07-31T08:00:00+01:00,0.7034327387809753,0.7039774656295776,0.7031854391098022,0.703234851360321
2026-07-31T09:00:00+01:00,0.7032843232154846,0.7045726776123047,0.7028394937515259,0.7045726776123047
2026-07-31T10:00:00+01:00,0.7045726776123047,0.7046719789505005,0.7031854391098022,0.7035812139511108
2026-07-31T11:00:00+01:00,0.7036802172660828,0.7037792801856995,0.7033337950706482,0.7034327387809753
2026-07-31T12:00:00+01:00,0.703234851360321,0.7034327387809753,0.7021485567092896,0.7021485567092896
2026-07-31T13:00:00+01:00,0.702049970626831,0.7021978497505188,0.7012622952461243,0.7015082240104675
2026-07-31T14:00:00+01:00,0.7014098763465881,0.7026913166046143,0.7006235718727112,0.7006235718727112
2026-07-31T15:00:00+01:00,0.7002801299095154,0.7025431990623474,0.6994474530220032,0.7025431990623474
2026-07-31T16:00:00+01:00,0.7024939060211182,0.7026419043540955,0.7020007371902466,0.7024445533752441
2026-07-31T17:00:00+01:00,0.7025925517082214,0.7030865550041199,0.7024939060211182,0.7028394937515259
2026-07-31T18:00:00+01:00,0.7028394937515259,0.7040765881538391,0.7028394937515259,0.7037792801856995
2026-07-31T19:00:00+01:00,0.7038288712501526,0.7039278745651245,0.7036307454109192,0.7039278745651245
2026-07-31T20:00:00+01:00,0.704026997089386,0.7043741345405579,0.7038784027099609,0.7038784027099609
2026-07-31T21:00:00+01:00,0.7037792801856995,0.7044237852096558,0.7023952007293701,0.7023952007293701
2026-07-31T22:00:00+01:00,0.7025431990623474,0.7025431990623474,0.7025431990623474,0.7025431990623474
2026-08-03T00:00:00+01:00,0.7048706412315369,0.7049203515052795,0.7044734358787537,0.7047712802886963
2026-08-03T01:00:00+01:00,0.7044734358787537,0.7050694227218628,0.7042749524116516,0.7044734358787537
2026-08-03T02:00:00+01:00,0.7044237852096558,0.7044237852096558,0.7034822702407837,0.7036307454109192
2026-08-03T03:00:00+01:00,0.7034327387809753,0.7036307454109192,0.7030865550041199,0.7033337950706482
2026-08-03T04:00:00+01:00,0.7032843232154846,0.7033337950706482,0.7030865550041199,0.7031854391098022
2026-08-03T05:00:00+01:00,0.7031854391098022,0.7035317420959473,0.7031854391098022,0.7033337950706482
2026-08-03T06:00:00+01:00,0.7034327387809753,0.7038784027099609,0.7032843232154846,0.7038784027099609
2026-08-03T07:00:00+01:00,0.7038784027099609,0.7039774656295776,0.7029382586479187,0.7029382586479187
2026-08-03T08:00:00+01:00,0.7030371427536011,0.7030371427536011,0.7018528580665588,0.7020007371902466
2026-08-03T09:00:00+01:00,0.7018528580665588,0.7019021511077881,0.7011147737503052,0.7011638879776001
2026-08-03T10:00:00+01:00,0.7011638879776001,0.7011638879776001,0.7006235718727112,0.7006235718727112
2026-08-03T11:00:00+01:00,0.7005744576454163,0.7006235718727112,0.7000839710235596,0.7002801299095154
2026-08-03T12:00:00+01:00,0.700427234172821,0.7004762887954712,0.7001820206642151,0.7004762887954712
2026-08-03T13:00:00+01:00,0.7009673714637756,0.7011147737503052,0.6998880505561829,0.7000839710235596
2026-08-03T14:00:00+01:00,0.7001820206642151,0.7002310752868652,0.6987143754959106,0.699349582195282
2026-08-03T15:00:00+01:00,0.6994474530220032,0.7001330256462097,0.6993985176086426,0.7001330256462097
2026-08-03T16:00:00+01:00,0.7000839710235596,0.7002801299095154,0.6998390555381775,0.7001820206642151
2026-08-03T17:00:00+01:00,0.7001330256462097,0.7001330256462097,0.7001330256462097,0.7001330256462097
2026-08-03T18:00:00+01:00,0.6997900605201721,0.6997900605201721,0.6994474530220032,0.6994474530220032
2026-08-03T19:00:00+01:00,0.6994474530220032,0.7001820206642151,0.6994474530220032,0.7001820206642151
2026-08-03T20:00:00+01:00,0.7002801299095154,0.7003291845321655,0.7001330256462097,0.7001820206642151
2026-08-03T21:00:00+01:00,0.7001820206642151,0.7002801299095154,0.7000349760055542,0.7002801299095154
2026-08-03T22:00:00+01:00,0.7002310752868652,0.700427234172821,0.7000349760055542,0.7001820206642151
2026-08-03T23:00:00+01:00,0.7002310752868652,0.7002310752868652,0.6999860405921936,0.7001820206642151
2026-08-04T00:00:00+01:00,0.7001330256462097,0.7001820206642151,0.6999370455741882,0.6999370455741882
2026-08-04T01:00:00+01:00,0.7000839710235596,0.7008199691772461,0.7000839710235596,0.7002310752868652
2026-08-04T02:00:00+01:00,0.7000349760055542,0.701655924320221,0.6999860405921936,0.701557457447052
2026-08-04T03:00:00+01:00,0.701655924320221,0.7020007371902466,0.7012130618095398,0.7017543911933899
2026-08-04T04:00:00+01:00,0.7020007371902466,0.7024939060211182,0.7018528580665588,0.7021485567092896
2026-08-04T05:00:00+01:00,0.7020993232727051,0.7022472023963928,0.7019514441490173,0.7021485567092896
2026-08-04T06:00:00+01:00,0.7020993232727051,0.7022964954376221,0.7017543911933899,0.7020993232727051
2026-08-04T07:00:00+01:00,0.7020007371902466,0.7022964954376221,0.7014589905738831,0.7017051577568054
2026-08-04T08:00:00+01:00,0.7019021511077881,0.7024445533752441,0.7019021511077881,0.7020007371902466
2026-08-04T09:00:00+01:00,0.7021485567092896,0.7026419043540955,0.7021485567092896,0.7024939060211182
2026-08-04T10:00:00+01:00,0.7023952007293701,0.7029382586479187,0.7023458480834961,0.7029382586479187
2026-08-04T11:00:00+01:00,0.7029876708984375,0.7035317420959473,0.7029382586479187,0.7035317420959473
2026-08-04T12:00:00+01:00,0.703234851360321,0.7039774656295776,0.703234851360321,0.7035317420959473
2026-08-04T13:00:00+01:00,0.7034327387809753,0.7038784027099609,0.7031854391098022,0.7035812139511108
2026-08-04T14:00:00+01:00,0.7034327387809753,0.704026997089386,0.7033337950706482,0.7038288712501526
2026-08-04T15:00:00+01:00,0.7037792801856995,0.7043741345405579,0.7037792801856995,0.7041261792182922
2026-08-04T16:00:00+01:00,0.7040765881538391,0.7040765881538391,0.7033832669258118,0.7039278745651245
2026-08-04T17:00:00+01:00,0.7039774656295776,0.7041261792182922,0.7037792801856995,0.7040765881538391
2026-08-04T18:00:00+01:00,0.7041757702827454,0.7044237852096558,0.7041261792182922,0.7042253613471985
2026-08-04T19:00:00+01:00,0.7041757702827454,0.7048706412315369,0.7041261792182922,0.704820990562439
2026-08-04T20:00:00+01:00,0.704820990562439,0.7051191329956055,0.7047712802886963,0.7048706412315369
2026-08-04T21:00:00+01:00,0.7048706412315369,0.7050197124481201,0.704820990562439,0.7049203515052795
2026-08-04T22:00:00+01:00,0.704820990562439,0.704820990562439,0.7044237852096558,0.704820990562439
2026-08-04T23:00:00+01:00,0.704820990562439,0.7051191329956055,0.7047712802886963,0.7050694227218628
2026-08-05T00:00:00+01:00,0.7051191329956055,0.7051191329956055,0.7048706412315369,0.7049203515052795
2026-08-05T01:00:00+01:00,0.7050197124481201,0.705566942691803,0.7045726776123047,0.7045726776123047
2026-08-05T02:00:00+01:00,0.7043741345405579,0.704820990562439,0.7042749524116516,0.7045726776123047
2026-08-05T03:00:00+01:00,0.704820990562439,0.705268383026123,0.7043741345405579,0.7049700617790222
2026-08-05T04:00:00+01:00,0.7050197124481201,0.7054673433303833,0.7050197124481201,0.7051191329956055
2026-08-05T05:00:00+01:00,0.705268383026123,0.7057660818099976,0.7050694227218628,0.7051191329956055
2026-08-05T06:00:00+01:00,0.7050197124481201,0.7050694227218628,0.7047712802886963,0.7050197124481201
2026-08-05T07:00:00+01:00,0.7050694227218628,0.705268383026123,0.7046223282814026,0.7051689028739929
2026-08-05T08:00:00+01:00,0.7052186131477356,0.7052186131477356,0.7043741345405579,0.7049700617790222
2026-08-05T09:00:00+01:00,0.7050694227218628,0.7050694227218628,0.7044734358787537,0.7045726776123047
2026-08-05T10:00:00+01:00,0.7046223282814026,0.7049700617790222,0.7045726776123047,0.7048706412315369
2026-08-05T11:00:00+01:00,0.704820990562439,0.704820990562439,0.7043741345405579,0.7043741345405579
2026-08-05T12:00:00+01:00,0.7046223282814026,0.705268383026123,0.7046223282814026,0.7051689028739929
2026-08-05T13:00:00+01:00,0.705268383026123,0.7056167125701904,0.7049203515052795,0.7050197124481201
2026-08-05T14:00:00+01:00,0.7050197124481201,0.7056665420532227,0.7047712802886963,0.705566942691803
2026-08-05T15:00:00+01:00,0.7057162523269653,0.7066638469696045,0.7056167125701904,0.7060152888298035
2026-08-05T16:00:00+01:00,0.7060650587081909,0.7061647772789001,0.705566942691803,0.7057162523269653
2026-08-05T17:00:00+01:00,0.7053181529045105,0.7056167125701904,0.7052186131477356,0.7054175734519958
2026-08-05T18:00:00+01:00,0.705566942691803,0.7063643336296082,0.7053181529045105,0.7063144445419312
2026-08-05T19:00:00+01:00,0.7064142823219299,0.7065140604972839,0.7062146663665771,0.7063144445419312
2026-08-05T20:00:00+01:00,0.7063643336296082,0.7063643336296082,0.7057660818099976,0.7057660818099976
2026-08-05T21:00:00+01:00,0.705865740776062,0.7060152888298035,0.7057660818099976,0.7059653997421265
2026-08-05T22:00:00+01:00,0.7060152888298035,0.7061149477958679,0.7056167125701904,0.7057162523269653
2026-08-05T23:00:00+01:00,0.7059155702590942,0.7061149477958679,0.7057660818099976,0.7059653997421265
2026-08-06T00:00:00+01:00,0.7060152888298035,0.7061647772789001,0.705865740776062,0.7059653997421265
2026-08-06T01:00:00+01:00,0.7057660818099976,0.7061647772789001,0.7057660818099976,0.7059653997421265
2026-08-06T02:00:00+01:00,0.7060650587081909,0.7060650587081909,0.7057162523269653,0.7059155702590942
2026-08-06T03:00:00+01:00,0.7060650587081909,0.7062146663665771,0.7057660818099976,0.705865740776062
2026-08-06T04:00:00+01:00,0.7058159112930298,0.7058159112930298,0.7048706412315369,0.7049700617790222
2026-08-06T05:00:00+01:00,0.7049203515052795,0.7050197124481201,0.7046719789505005,0.7050197124481201
2026-08-06T06:00:00+01:00,0.7049700617790222,0.7050694227218628,0.7045230269432068,0.7049700617790222
2026-08-06T07:00:00+01:00,0.7050197124481201,0.7050197124481201,0.7041757702827454,0.7044237852096558
2026-08-06T08:00:00+01:00,0.7044734358787537,0.7046223282814026,0.704026997089386,0.704026997089386
2026-08-06T09:00:00+01:00,0.7039278745651245,0.7046719789505005,0.7039278745651245,0.7046719789505005
2026-08-06T10:00:00+01:00,0.7046223282814026,0.7046223282814026,0.7042253613471985,0.7044237852096558
2026-08-06T11:00:00+01:00,0.7044237852096558,0.7045726776123047,0.7041261792182922,0.7044734358787537
2026-08-06T12:00:00+01:00,0.7044734358787537,0.7045726776123047,0.7039774656295776,0.7045726776123047
2026-08-06T13:00:00+01:00,0.7046223282814026,0.7046719789505005,0.7039278745651245,0.7040765881538391
2026-08-06T14:00:00+01:00,0.7041261792182922,0.7043741345405579,0.7035812139511108,0.7043245434761047
2026-08-06T15:00:00+01:00,0.7043245434761047,0.7044237852096558,0.7039774656295776,0.7044237852096558
2026-08-06T16:00:00+01:00,0.7042749524116516,0.7043741345405579,0.7033337950706482,0.7033337950706482
2026-08-06T17:00:00+01:00,0.7028888463973999,0.7033832669258118,0.7026913166046143,0.7033832669258118
2026-08-06T18:00:00+01:00,0.7034822702407837,0.7036307454109192,0.7032843232154846,0.7035317420959473
2026-08-06T19:00:00+01:00,0.7035812139511108,0.7037297487258911,0.7034327387809753,0.7035812139511108
2026-08-06T20:00:00+01:00,0.7036802172660828,0.7037792801856995,0.703234851360321,0.7035812139511108
2026-08-06T21:00:00+01:00,0.7035317420959473,0.7036307454109192,0.703234851360321,0.7034327387809753
2026-08-06T22:00:00+01:00,0.7033832669258118,0.7036307454109192,0.7030371427536011,0.7031854391098022
2026-08-06T23:00:00+01:00,0.703234851360321,0.7033832669258118,0.703234851360321,0.703234851360321
2026-08-07T00:00:00+01:00,0.7032843232154846,0.7036307454109192,0.7032843232154846,0.7035812139511108
2026-08-07T01:00:00+01:00,0.7034822702407837,0.7035812139511108,0.7029382586479187,0.7030865550041199
2026-08-07T02:00:00+01:00,0.7031854391098022,0.7033337950706482,0.7028888463973999,0.7031360268592834
2026-08-07T03:00:00+01:00,0.7031854391098022,0.703234851360321,0.7025431990623474,0.7025925517082214
2026-08-07T04:00:00+01:00,0.7026913166046143,0.7027900815010071,0.7025925517082214,0.7027900815010071
2026-08-07T05:00:00+01:00,0.7027407288551331,0.7031360268592834,0.7026913166046143,0.7028888463973999
2026-08-07T06:00:00+01:00,0.7028888463973999,0.7032843232154846,0.7028394937515259,0.7030865550041199
2026-08-07T07:00:00+01:00,0.7031360268592834,0.7036307454109192,0.7029876708984375,0.7035317420959473
2026-08-07T08:00:00+01:00,0.7035317420959473,0.7038784027099609,0.7035317420959473,0.7037792801856995
2026-08-07T09:00:00+01:00,0.7037297487258911,0.7041261792182922,0.7036307454109192,0.7039278745651245
2026-08-07T10:00:00+01:00,0.704026997089386,0.7040765881538391,0.7039774656295776,0.7039774656295776
2026-08-07T11:00:00+01:00,0.7042749524116516,0.7043741345405579,0.7038784027099609,0.7038784027099609
2026-08-07T12:00:00+01:00,0.7040765881538391,0.7043245434761047,0.7038288712501526,0.7042749524116516
2026-08-07T13:00:00+01:00,0.7043741345405579,0.7079144716262817,0.7040765881538391,0.7070635557174683
2026-08-07T14:00:00+01:00,0.7070136070251465,0.7071635127067566,0.7061647772789001,0.7061647772789001
2026-08-07T15:00:00+01:00,0.7063144445419312,0.7070635557174683,0.7062146663665771,0.706763744354248
2026-08-07T16:00:00+01:00,0.7062146663665771,0.7067137956619263,0.7059155702590942,0.7065639495849609
2026-08-07T17:00:00+01:00,0.7065140604972839,0.7071135640144348,0.7065140604972839,0.706763744354248
2026-08-07T18:00:00+01:00,0.706813633441925,0.7071135640144348,0.706813633441925,0.7069635987281799
2026-08-07T19:00:00+01:00,0.7068636417388916,0.7071635127067566,0.7068636417388916,0.7070635557174683
2026-08-07T20:00:00+01:00,0.707313597202301,0.7077140808105469,0.7072135806083679,0.7072135806083679
2026-08-07T21:00:00+01:00,0.7072135806083679,0.7072135806083679,0.7066638469696045,0.7069635987281799
2026-08-07T22:00:00+01:00,0.7070635557174683,0.7070635557174683,0.7070635557174683,0.7070635557174683
2026-08-10T00:00:00+01:00,0.706763744354248,0.7069635987281799,0.7065140604972839,0.7065140604972839
2026-08-10T01:00:00+01:00,0.7066138982772827,0.7072135806083679,0.7064142823219299,0.7064142823219299
2026-08-10T02:00:00+01:00,0.7063144445419312,0.7066638469696045,0.7060650587081909,0.7066638469696045
2026-08-10T03:00:00+01:00,0.7066638469696045,0.7067137956619263,0.7063144445419312,0.7063643336296082
2026-08-10T04:00:00+01:00,0.7063144445419312,0.7063144445419312,0.7060152888298035,0.7061647772789001
2026-08-10T05:00:00+01:00,0.7061647772789001,0.7063643336296082,0.7059653997421265,0.7063144445419312
2026-08-10T06:00:00+01:00,0.7063643336296082,0.7070635557174683,0.7063643336296082,0.7070635557174683
2026-08-10T07:00:00+01:00,0.7070635557174683,0.7071635127067566,0.706813633441925,0.7068636417388916
2026-08-10T08:00:00+01:00,0.706813633441925,0.7073636651039124,0.7067137956619263,0.707313597202301
2026-08-10T09:00:00+01:00,0.707313597202301,0.7076640129089355,0.7072635889053345,0.7072635889053345
2026-08-10T10:00:00+01:00,0.7071135640144348,0.707313597202301,0.7068636417388916,0.7068636417388916
2026-08-10T11:00:00+01:00,0.7066638469696045,0.7070136070251465,0.7065639495849609,0.7069635987281799
2026-08-10T12:00:00+01:00,0.7069635987281799,0.7070136070251465,0.7064142823219299,0.7066138982772827
2026-08-10T13:00:00+01:00,0.7065140604972839,0.7065639495849609,0.705865740776062,0.7059653997421265
2026-08-10T14:00:00+01:00,0.7059653997421265,0.7061149477958679,0.7057162523269653,0.7059155702590942
2026-08-10T15:00:00+01:00,0.7059653997421265,0.706763744354248,0.7059155702590942,0.7066638469696045
2026-08-10T16:00:00+01:00,0.7064641118049622,0.7068636417388916,0.7064142823219299,0.706763744354248
2026-08-10T17:00:00+01:00,0.706813633441925,0.706813633441925,0.7062645554542542,0.7063144445419312
2026-08-10T18:00:00+01:00,0.7063643336296082,0.7063643336296082,0.7057162523269653,0.7057162523269653
2026-08-10T19:00:00+01:00,0.7058159112930298,0.7060650587081909,0.7057660818099976,0.7059155702590942
2026-08-10T20:00:00+01:00,0.7058159112930298,0.7059653997421265,0.7056665420532227,0.7056665420532227
2026-08-10T21:00:00+01:00,0.7057162523269653,0.7057660818099976,0.705566942691803,0.7056665420532227
2026-08-10T22:00:00+01:00,0.7060152888298035,0.7060650587081909,0.705566942691803,0.705865740776062
2026-08-10T23:00:00+01:00,0.7057162523269653,0.705865740776062,0.7056665420532227,0.705865740776062
2026-08-11T00:00:00+01:00,0.7059653997421265,0.7059653997421265,0.7056665420532227,0.7057660818099976
2026-08-11T01:00:00+01:00,0.7058159112930298,0.7060650587081909,0.7057660818099976,0.705865740776062
2026-08-11T02:00:00+01:00,0.7056167125701904,0.7064641118049622,0.7053678035736084,0.7061149477958679
2026-08-11T03:00:00+01:00,0.7060152888298035,0.7062146663665771,0.705566942691803,0.7056167125701904
2026-08-11T04:00:00+01:00,0.7056665420532227,0.7061647772789001,0.7056665420532227,0.7059653997421265
2026-08-11T05:00:00+01:00,0.7060152888298035,0.7063144445419312,0.7045230269432068,0.7051689028739929
2026-08-11T06:00:00+01:00,0.7051191329956055,0.7059653997421265,0.7044237852096558,0.7057660818099976
2026-08-11T07:00:00+01:00,0.705865740776062,0.7060650587081909,0.7053181529045105,0.7054175734519958
2026-08-11T08:00:00+01:00,0.7054673433303833,0.7057162523269653,0.7049700617790222,0.7049700617790222
2026-08-11T09:00:00+01:00,0.7050694227218628,0.7056665420532227,0.7050694227218628,0.7054673433303833
2026-08-11T10:00:00+01:00,0.7054175734519958,0.7055171132087708,0.7054175734519958,0.7054673433303833
2026-08-11T11:00:00+01:00,0.7059155702590942,0.7063643336296082,0.705865740776062,0.7063643336296082
2026-08-11T12:00:00+01:00,0.7066138982772827,0.7068636417388916,0.7062645554542542,0.7064142823219299
2026-08-11T13:00:00+01:00,0.7063144445419312,0.7068636417388916,0.7062146663665771,0.7067137956619263
2026-08-11T14:00:00+01:00,0.7068636417388916,0.7071635127067566,0.7067137956619263,0.7070635557174683
2026-08-11T15:00:00+01:00,0.7070635557174683,0.7071635127067566,0.706763744354248,0.7071635127067566
2026-08-11T16:00:00+01:00,0.7066638469696045,0.7066638469696045,0.7059155702590942,0.7062645554542542
2026-08-11T17:00:00+01:00,0.7063643336296082,0.7064641118049622,0.7062645554542542,0.7064142823219299
2026-08-11T18:00:00+01:00,0.7064641118049622,0.7064641118049622,0.7060152888298035,0.7061647772789001
2026-08-11T19:00:00+01:00,0.7061647772789001,0.7061647772789001,0.7057162523269653,0.7061149477958679
2026-08-11T20:00:00+01:00,0.7061647772789001,0.7064142823219299,0.7060650587081909,0.7063144445419312
2026-08-11T21:00:00+01:00,0.7063144445419312,0.7064641118049622,0.7063144445419312,0.7064641118049622
2026-08-11T22:00:00+01:00,0.7063144445419312,0.7066138982772827,0.7060650587081909,0.7061647772789001
2026-08-11T23:00:00+01:00,0.7064142823219299,0.7066638469696045,0.7063144445419312,0.7066138982772827
2026-08-12T00:00:00+01:00,0.7066138982772827,0.7067137956619263,0.7065639495849609,0.7065639495849609
2026-08-12T01:00:00+01:00,0.7066638469696045,0.7070635557174683,0.7066138982772827,0.7066638469696045
2026-08-12T02:00:00+01:00,0.7066138982772827,0.7066138982772827,0.7060650587081909,0.7061149477958679
2026-08-12T03:00:00+01:00,0.7060152888298035,0.7061647772789001,0.7057162523269653,0.7060152888298035
2026-08-12T04:00:00+01:00,0.7060650587081909,0.7061149477958679,0.7058159112930298,0.7059155702590942
2026-08-12T05:00:00+01:00,0.705865740776062,0.7059653997421265,0.7058159112930298,0.705865740776062
2026-08-12T06:00:00+01:00,0.7058159112930298,0.7062146663665771,0.7056665420532227,0.7062146663665771
2026-08-12T07:00:00+01:00,0.7062645554542542,0.7062645554542542,0.705865740776062,0.7061647772789001
2026-08-12T08:00:00+01:00,0.7063144445419312,0.7064641118049622,0.7059155702590942,0.7060152888298035
2026-08-12T09:00:00+01:00,0.7059653997421265,0.7062645554542542,0.7059155702590942,0.7062146663665771
2026-08-12T10:00:00+01:00,0.7063144445419312,0.7067137956619263,0.7062645554542542,0.7067137956619263
2026-08-12T11:00:00+01:00,0.7067137956619263,0.7071135640144348,0.7065140604972839,0.706813633441925
2026-08-12T12:00:00+01:00,0.706813633441925,0.7073636651039124,0.7066638469696045,0.707313597202301
2026-08-12T13:00:00+01:00,0.7072135806083679,0.7091695666313171,0.7067137956619263,0.708817720413208
2026-08-12T14:00:00+01:00,0.7089684009552002,0.709270179271698,0.7083156108856201,0.7087172269821167
2026-08-12T15:00:00+01:00,0.708666980266571,0.7089182138442993,0.7082153558731079,0.7082153558731079
2026-08-12T16:00:00+01:00,0.707313597202301,0.7078643441200256,0.7069135904312134,0.7072135806083679
2026-08-12T17:00:00+01:00,0.7073636651039124,0.7073636651039124,0.7064641118049622,0.7065639495849609
2026-08-12T18:00:00+01:00,0.706763744354248,0.706763744354248,0.7063643336296082,0.7064641118049622
2026-08-12T19:00:00+01:00,0.7063643336296082,0.7067137956619263,0.7063643336296082,0.7064142823219299
2026-08-12T20:00:00+01:00,0.7065140604972839,0.7065639495849609,0.7063144445419312,0.7065639495849609
2026-08-12T21:00:00+01:00,0.7066138982772827,0.7066138982772827,0.7063144445419312,0.7065639495849609
2026-08-12T22:00:00+01:00,0.7062645554542542,0.7064641118049622,0.7062146663665771,0.7063643336296082
2026-08-12T23:00:00+01:00,0.7063144445419312,0.7065140604972839,0.7062645554542542,0.7065140604972839
2026-08-13T00:00:00+01:00,0.7065140604972839,0.7066138982772827,0.7065140604972839,0.7066138982772827
2026-08-13T01:00:00+01:00,0.7066638469696045,0.7068636417388916,0.7062645554542542,0.7064142823219299
2026-08-13T02:00:00+01:00,0.7063144445419312,0.7064142823219299,0.705865740776062,0.705865740776062
2026-08-13T03:00:00+01:00,0.705865740776062,0.705865740776062,0.7053678035736084,0.7055171132087708
2026-08-13T04:00:00+01:00,0.7054673433303833,0.7055171132087708,0.7049700617790222,0.7050694227218628
2026-08-13T05:00:00+01:00,0.7050197124481201,0.705268383026123,0.704820990562439,0.705268383026123
2026-08-13T06:00:00+01:00,0.7051191329956055,0.7054673433303833,0.7049203515052795,0.7052186131477356
2026-08-13T07:00:00+01:00,0.7053181529045105,0.7053181529045105,0.7047216296195984,0.7051191329956055
2026-08-13T08:00:00+01:00,0.7051191329956055,0.7053181529045105,0.7048706412315369,0.7051191329956055
2026-08-13T09:00:00+01:00,0.7051191329956055,0.7051689028739929,0.7049203515052795,0.7050694227218628
2026-08-13T10:00:00+01:00,0.7051191329956055,0.705268383026123,0.7049203515052795,0.705268383026123
2026-08-13T11:00:00+01:00,0.7059155702590942,0.7059653997421265,0.7056665420532227,0.7057162523269653
2026-08-13T12:00:00+01:00,0.7056665420532227,0.7057660818099976,0.7054673433303833,0.7055171132087708
2026-08-13T13:00:00+01:00,0.7055171132087708,0.7066638469696045,0.7051191329956055,0.7066638469696045
2026-08-13T14:00:00+01:00,0.7065140604972839,0.7067137956619263,0.7059155702590942,0.7060650587081909
2026-08-13T15:00:00+01:00,0.7061647772789001,0.706813633441925,0.7061149477958679,0.7064641118049622
2026-08-13T16:00:00+01:00,0.706813633441925,0.706813633441925,0.7059155702590942,0.7059155702590942
2026-08-13T17:00:00+01:00,0.7060152888298035,0.7062146663665771,0.7056665420532227,0.7061647772789001
2026-08-13T18:00:00+01:00,0.7063144445419312,0.7063144445419312,0.7059155702590942,0.7059155702590942
2026-08-13T19:00:00+01:00,0.7059155702590942,0.7061149477958679,0.7058159112930298,0.7059653997421265
2026-08-13T20:00:00+01:00,0.7060152888298035,0.7062645554542542,0.7059653997421265,0.7062146663665771
2026-08-13T21:00:00+01:00,0.7063144445419312,0.7063144445419312,0.7060650587081909,0.7062146663665771
2026-08-13T22:00:00+01:00,0.7061647772789001,0.7061647772789001,0.7057660818099976,0.7061647772789001
2026-08-13T23:00:00+01:00,0.7062146663665771,0.7064641118049622,0.7061647772789001,0.7064641118049622
2026-08-14T00:00:00+01:00,0.7065639495849609,0.7066638469696045,0.7064641118049622,0.7066138982772827
2026-08-14T01:00:00+01:00,0.7067137956619263,0.7068636417388916,0.7063144445419312,0.7064142823219299
2026-08-14T02:00:00+01:00,0.7063144445419312,0.7063144445419312,0.7059653997421265,0.7059653997421265
2026-08-14T03:00:00+01:00,0.7061149477958679,0.7062146663665771,0.705865740776062,0.705865740776062
2026-08-14T04:00:00+01:00,0.7058159112930298,0.7064142823219299,0.7058159112930298,0.7064142823219299
2026-08-14T05:00:00+01:00,0.7063144445419312,0.7065639495849609,0.7063144445419312,0.7064641118049622
2026-08-14T06:00:00+01:00,0.7065140604972839,0.7069635987281799,0.7064641118049622,0.7069635987281799
2026-08-14T07:00:00+01:00,0.7069635987281799,0.7070635557174683,0.7066138982772827,0.7070635557174683
2026-08-14T08:00:00+01:00,0.7071135640144348,0.7075137495994568,0.7069635987281799,0.7075137495994568
2026-08-14T09:00:00+01:00,0.7075638175010681,0.7077140808105469,0.7071635127067566,0.7076139450073242
2026-08-14T10:00:00+01:00,0.7076139450073242,0.7076640129089355,0.7075137495994568,0.7076640129089355
2026-08-14T11:00:00+01:00,0.707764208316803,0.7079645991325378,0.7076640129089355,0.7078142762184143
2026-08-14T12:00:00+01:00,0.7078643441200256,0.7086167335510254,0.7078142762184143,0.708365797996521
2026-08-14T13:00:00+01:00,0.708365797996521,0.7090187072753906,0.7082153558731079,0.708365797996521
2026-08-14T14:00:00+01:00,0.708365797996521,0.7094210982322693,0.7082153558731079,0.709270179271698
2026-08-14T15:00:00+01:00,0.7092198729515076,0.7095217704772949,0.7091695666313171,0.7093707919120789
2026-08-14T16:00:00+01:00,0.7094714641571045,0.709723174571991,0.7091695666313171,0.709270179271698
2026-08-14T17:00:00+01:00,0.7093707919120789,0.7094210982322693,0.7086167335510254,0.7086167335510254
2026-08-14T18:00:00+01:00,0.7085666060447693,0.7085666060447693,0.7082153558731079,0.7083156108856201
2026-08-14T19:00:00+01:00,0.7083156108856201,0.7085163593292236,0.708165168762207,0.7084159851074219
2026-08-14T20:00:00+01:00,0.7085666060447693,0.708666980266571,0.708365797996521,0.7085666060447693
2026-08-14T21:00:00+01:00,0.708666980266571,0.7087172269821167,0.7084661722183228,0.7087172269821167
2026-08-14T22:00:00+01:00,0.708666980266571,0.708666980266571,0.708666980266571,0.708666980266571
2026-08-17T00:00:00+01:00,0.7091192603111267,0.7091695666313171,0.7087674736976624,0.7087674736976624
2026-08-17T01:00:00+01:00,0.7091695666313171,0.709773600101471,0.7091695666313171,0.7094714641571045
2026-08-17T02:00:00+01:00,0.7095217704772949,0.7100759744644165,0.7092198729515076,0.7099247574806213
2026-08-17T03:00:00+01:00,0.7098743319511414,0.7098743319511414,0.7094210982322693,0.7094714641571045
2026-08-17T04:00:00+01:00,0.7094714641571045,0.7102777361869812,0.7094714641571045,0.7102777361869812
2026-08-17T05:00:00+01:00,0.7102272510528564,0.710782527923584,0.7102272510528564,0.7104290723800659
2026-08-17T06:00:00+01:00,0.7104795575141907,0.7117437720298767,0.710328221321106,0.7115411758422852
2026-08-17T07:00:00+01:00,0.7116424441337585,0.7124537229537964,0.7112375497817993,0.7124537229537964
2026-08-17T08:00:00+01:00,0.7124537229537964,0.7125552296638489,0.7122507095336914,0.7123014330863953
2026-08-17T09:00:00+01:00,0.7120985388755798,0.7126567959785461,0.711895763874054,0.7122507095336914
2026-08-17T10:00:00+01:00,0.7123014330863953,0.7130124568939209,0.7122507095336914,0.7128599882125854
2026-08-17T11:00:00+01:00,0.7127583622932434,0.7131141424179077,0.7126059532165527,0.7127075791358948
2026-08-17T12:00:00+01:00,0.7128092050552368,0.7131141424179077,0.7125552296638489,0.7127583622932434
2026-08-17T13:00:00+01:00,0.7127075791358948,0.7129108309745789,0.711946427822113,0.7124537229537964
2026-08-17T14:00:00+01:00,0.7124029397964478,0.7124029397964478,0.7111363410949707,0.7118450999259949
2026-08-17T15:00:00+01:00,0.711895763874054,0.711895763874054,0.711895763874054,0.711895763874054
2026-08-17T16:00:00+01:00,0.7114399671554565,0.7114905714988708,0.7110353112220764,0.7114399671554565
2026-08-17T17:00:00+01:00,0.7113893628120422,0.7117437720298767,0.7113387584686279,0.7114399671554565
2026-08-17T18:00:00+01:00,0.7114905714988708,0.7114905714988708,0.7106310725212097,0.710732102394104
2026-08-17T19:00:00+01:00,0.7106310725212097,0.710782527923584,0.7103786468505859,0.7104290723800659
2026-08-17T20:00:00+01:00,0.7103786468505859,0.7108330726623535,0.7103786468505859,0.7106815576553345
2026-08-17T21:00:00+01:00,0.710782527923584,0.710782527923584,0.7105805277824402,0.710732102394104
2026-08-17T22:00:00+01:00,0.710782527923584,0.711085855960846,0.7105805277824402,0.7105805277824402
2026-08-17T23:00:00+01:00,0.710732102394104,0.7108330726623535,0.7106310725212097,0.7108330726623535
2026-08-18T00:00:00+01:00,0.710782527923584,0.711085855960846,0.710782527923584,0.711085855960846
2026-08-18T01:00:00+01:00,0.711085855960846,0.7112881541252136,0.7109847068786621,0.711186945438385
2026-08-18T02:00:00+01:00,0.7112881541252136,0.7115411758422852,0.7109341621398926,0.7109341621398926
2026-08-18T03:00:00+01:00,0.7109341621398926,0.7113387584686279,0.710782527923584,0.7113387584686279
2026-08-18T04:00:00+01:00,0.7112881541252136,0.7112881541252136,0.7104290723800659,0.7105300426483154
2026-08-18T05:00:00+01:00,0.7105300426483154,0.7105805277824402,0.7102272510528564,0.7102777361869812
2026-08-18T06:00:00+01:00,0.7101263999938965,0.710328221321106,0.7098743319511414,0.710328221321106
2026-08-18T07:00:00+01:00,0.7101768255233765,0.710328221321106,0.7098239660263062,0.7102272510528564
2026-08-18T08:00:00+01:00,0.7104290723800659,0.7106310725212097,0.7102272510528564,0.7104795575141907
2026-08-18T09:00:00+01:00,0.7104795575141907,0.7106310725212097,0.7102777361869812,0.7106310725212097
2026-08-18T10:00:00+01:00,0.7105805277824402,0.711186945438385,0.7104290723800659,0.711186945438385
2026-08-18T11:00:00+01:00,0.711186945438385,0.711186945438385,0.7108330726623535,0.7109341621398926
2026-08-18T12:00:00+01:00,0.7109341621398926,0.7112881541252136,0.710782527923584,0.7112881541252136
2026-08-18T13:00:00+01:00,0.7112881541252136,0.7115918397903442,0.711186945438385,0.7113893628120422
2026-08-18T14:00:00+01:00,0.7113387584686279,0.7121999859809875,0.7113387584686279,0.7116931080818176
2026-08-18T15:00:00+01:00,0.7116424441337585,0.7116931080818176,0.7116424441337585,0.7116931080818176
2026-08-18T16:00:00+01:00,0.7101263999938965,0.7105300426483154,0.709773600101471,0.7098239660263062
2026-08-18T17:00:00+01:00,0.7098743319511414,0.7100255489349365,0.709270179271698,0.7094714641571045
2026-08-18T18:00:00+01:00,0.7093204259872437,0.7093204259872437,0.7089182138442993,0.7089182138442993
2026-08-18T19:00:00+01:00,0.708817720413208,0.7089182138442993,0.7085666060447693,0.7087172269821167
2026-08-18T20:00:00+01:00,0.708666980266571,0.7091192603111267,0.7086167335510254,0.708666980266571
2026-08-18T21:00:00+01:00,0.7087172269821167,0.7089182138442993,0.7085163593292236,0.7089182138442993
2026-08-18T22:00:00+01:00,0.7088679671287537,0.709069013595581,0.7085163593292236,0.7086167335510254
2026-08-18T23:00:00+01:00,0.7087674736976624,0.708817720413208,0.7086167335510254,0.708666980266571
2026-08-19T00:00:00+01:00,0.708666980266571,0.7087172269821167,0.7082654237747192,0.708365797996521
2026-08-19T01:00:00+01:00,0.7081149816513062,0.708817720413208,0.707764208316803,0.707764208316803
2026-08-19T02:00:00+01:00,0.7077140808105469,0.7079645991325378,0.7072635889053345,0.7078643441200256
2026-08-19T03:00:00+01:00,0.7078643441200256,0.7085666060447693,0.707764208316803,0.708165168762207
2026-08-19T04:00:00+01:00,0.708165168762207,0.708165168762207,0.7075638175010681,0.7075638175010681
2026-08-19T05:00:00+01:00,0.7075638175010681,0.7076139450073242,0.7069635987281799,0.7075137495994568
2026-08-19T06:00:00+01:00,0.7076640129089355,0.7076640129089355,0.7070635557174683,0.7071635127067566
2026-08-19T07:00:00+01:00,0.7071635127067566,0.7079144716262817,0.7069635987281799,0.7076640129089355
2026-08-19T08:00:00+01:00,0.7078643441200256,0.708014726638794,0.7072135806083679,0.7073636651039124
2026-08-19T09:00:00+01:00,0.707313597202301,0.708365797996521,0.707313597202301,0.7082153558731079
2026-08-19T10:00:00+01:00,0.7079144716262817,0.7084661722183228,0.7079144716262817,0.7082153558731079
2026-08-19T11:00:00+01:00,0.70806485414505,0.7082654237747192,0.7079144716262817,0.7079144716262817
2026-08-19T12:00:00+01:00,0.7079645991325378,0.7079645991325378,0.707313597202301,0.7076640129089355
2026-08-19T13:00:00+01:00,0.7076640129089355,0.7103786468505859,0.7076640129089355,0.7101768255233765
2026-08-19T14:00:00+01:00,0.710883617401123,0.7126567959785461,0.710883617401123,0.7120985388755798
2026-08-19T15:00:00+01:00,0.7121492624282837,0.7123014330863953,0.7121492624282837,0.7123014330863953
2026-08-19T16:00:00+01:00,0.7123014330863953,0.7128092050552368,0.7121492624282837,0.7124537229537964
2026-08-19T17:00:00+01:00,0.7125044465065002,0.7129108309745789,0.7125044465065002,0.7125552296638489
2026-08-19T18:00:00+01:00,0.7129616141319275,0.7129616141319275,0.7115918397903442,0.7115918397903442
2026-08-19T19:00:00+01:00,0.711946427822113,0.7126059532165527,0.7115918397903442,0.7124537229537964
2026-08-19T20:00:00+01:00,0.7126059532165527,0.7128599882125854,0.7125044465065002,0.7126567959785461
2026-08-19T21:00:00+01:00,0.7127075791358948,0.7128092050552368,0.7124537229537964,0.7127075791358948
2026-08-19T22:00:00+01:00,0.7120985388755798,0.7128092050552368,0.7120985388755798,0.7125044465065002
2026-08-19T23:00:00+01:00,0.7128092050552368,0.7129108309745789,0.7126567959785461,0.7127583622932434
2026-08-20T00:00:00+01:00,0.7128599882125854,0.7130632996559143,0.7124537229537964,0.7125552296638489
2026-08-20T01:00:00+01:00,0.7126059532165527,0.7129108309745789,0.7118450999259949,0.711946427822113
2026-08-20T02:00:00+01:00,0.7118450999259949,0.7127583622932434,0.7109341621398926,0.7117437720298767
2026-08-20T03:00:00+01:00,0.7117944359779358,0.7121999859809875,0.7113387584686279,0.7116424441337585
2026-08-20T04:00:00+01:00,0.7117437720298767,0.7122507095336914,0.7115411758422852,0.7121999859809875
2026-08-20T05:00:00+01:00,0.7122507095336914,0.7126059532165527,0.7116424441337585,0.7116424441337585
2026-08-20T06:00:00+01:00,0.7116931080818176,0.7118450999259949,0.7114399671554565,0.7117437720298767
2026-08-20T07:00:00+01:00,0.7116931080818176,0.7125044465065002,0.7116931080818176,0.7125044465065002
2026-08-20T08:00:00+01:00,0.7123014330863953,0.7126567959785461,0.7120478749275208,0.7126059532165527
2026-08-20T09:00:00+01:00,0.7126567959785461,0.7129616141319275,0.7125552296638489,0.7127075791358948
2026-08-20T10:00:00+01:00,0.7125552296638489,0.7133685350418091,0.7125552296638489,0.7131141424179077
2026-08-20T11:00:00+01:00,0.7130124568939209,0.7134703397750854,0.7124029397964478,0.7126059532165527
2026-08-20T12:00:00+01:00,0.7126059532165527,0.7126059532165527,0.7111363410949707,0.7111363410949707
2026-08-20T13:00:00+01:00,0.7111363410949707,0.7119971513748169,0.7106815576553345,0.711895763874054
2026-08-20T14:00:00+01:00,0.7122507095336914,0.7125552296638489,0.7118450999259949,0.711895763874054
2026-08-20T15:00:00+01:00,0.7121999859809875,0.7121999859809875,0.711895763874054,0.711946427822113
2026-08-20T16:00:00+01:00,0.7126567959785461,0.7133685350418091,0.7116931080818176,0.7121999859809875
2026-08-20T17:00:00+01:00,0.7120985388755798,0.7120985388755798,0.7113387584686279,0.7115411758422852
2026-08-20T18:00:00+01:00,0.7115411758422852,0.7115411758422852,0.7112881541252136,0.7114905714988708
2026-08-20T19:00:00+01:00,0.7113893628120422,0.7114399671554565,0.7109341621398926,0.7113387584686279
2026-08-20T20:00:00+01:00,0.7112881541252136,0.7115411758422852,0.7112375497817993,0.7114905714988708
2026-08-20T21:00:00+01:00,0.7115411758422852,0.7115918397903442,0.7114399671554565,0.7115918397903442
2026-08-20T22:00:00+01:00,0.7116931080818176,0.7116931080818176,0.711085855960846,0.7113893628120422
2026-08-20T23:00:00+01:00,0.7114399671554565,0.711895763874054,0.7114399671554565,0.7117944359779358
2026-08-21T00:00:00+01:00,0.711895763874054,0.7121492624282837,0.7118450999259949,0.7121492624282837
2026-08-21T01:00:00+01:00,0.7123521566390991,0.7127583622932434,0.7123014330863953,0.7124029397964478
2026-08-21T02:00:00+01:00,0.7123521566390991,0.7136739492416382,0.7123521566390991,0.7136739492416382
2026-08-21T03:00:00+01:00,0.7137249112129211,0.7144898176193237,0.7135212421417236,0.7141836881637573
2026-08-21T04:00:00+01:00,0.7142347097396851,0.7144898176193237,0.7141836881637573,0.7143877744674683
2026-08-21T05:00:00+01:00,0.7143367528915405,0.714438796043396,0.7140816450119019,0.7143367528915405
2026-08-21T06:00:00+01:00,0.7141326665878296,0.714796245098114,0.7140816450119019,0.714796245098114
2026-08-21T07:00:00+01:00,0.7145408987998962,0.7150518298149109,0.7143877744674683,0.7147452235221863
2026-08-21T08:00:00+01:00,0.7150007486343384,0.7153075933456421,0.7147452235221863,0.7153075933456421
2026-08-21T09:00:00+01:00,0.7153587341308594,0.7164350152015686,0.7152052521705627,0.7162297964096069
2026-08-21T10:00:00+01:00,0.7164350152015686,0.716794490814209,0.71602463722229,0.7161272168159485
2026-08-21T11:00:00+01:00,0.716383695602417,0.7166403532028198,0.7161272168159485,0.7162297964096069
2026-08-21T12:00:00+01:00,0.7162297964096069,0.7169486880302429,0.7161272168159485,0.716589093208313
2026-08-21T13:00:00+01:00,0.7170000672340393,0.717154324054718,0.7162810564041138,0.7168458700180054
2026-08-21T14:00:00+01:00,0.7170514464378357,0.7174630165100098,0.7163323760032654,0.7173600792884827
2026-08-21T15:00:00+01:00,0.7170000672340393,0.717154324054718,0.7170000672340393,0.717154324054718
2026-08-21T16:00:00+01:00,0.7166917324066162,0.7179781794548035,0.7166917324066162,0.7178235650062561
2026-08-21T17:00:00+01:00,0.7178235650062561,0.717875063419342,0.7173600792884827,0.7175145149230957
2026-08-21T18:00:00+01:00,0.7175145149230957,0.7180812358856201,0.7175145149230957,0.7179781794548035
2026-08-21T19:00:00+01:00,0.7181328535079956,0.7182360291481018,0.7179781794548035,0.7180812358856201
2026-08-21T20:00:00+01:00,0.7180812358856201,0.7180812358856201,0.7175145149230957,0.7175145149230957
2026-08-21T21:00:00+01:00,0.7175660133361816,0.7175660133361816,0.7172572016716003,0.7173600792884827
2026-08-21T22:00:00+01:00,0.7174630165100098,0.7174630165100098,0.7174630165100098,0.7174630165100098
2026-08-24T00:00:00+01:00,0.7172057628631592,0.7173600792884827,0.7170000672340393,0.7173600792884827
2026-08-24T01:00:00+01:00,0.7174115777015686,0.7177205085754395,0.7173087000846863,0.7175660133361816
2026-08-24T02:00:00+01:00,0.717875063419342,0.717875063419342,0.716794490814209,0.7170000672340393
2026-08-24T03:00:00+01:00,0.7170000672340393,0.7174115777015686,0.7166917324066162,0.7168458700180054
2026-08-24T04:00:00+01:00,0.7168458700180054,0.7168973088264465,0.716589093208313,0.7166917324066162
2026-08-24T05:00:00+01:00,0.7166917324066162,0.7170000672340393,0.7165377140045166,0.7169486880302429
2026-08-24T06:00:00+01:00,0.7169486880302429,0.717154324054718,0.716794490814209,0.717154324054718
2026-08-24T07:00:00+01:00,0.717154324054718,0.7173600792884827,0.7166403532028198,0.717154324054718
2026-08-24T08:00:00+01:00,0.7172572016716003,0.7173087000846863,0.716589093208313,0.716794490814209
2026-08-24T09:00:00+01:00,0.7166917324066162,0.7166917324066162,0.7161784768104553,0.716383695602417
2026-08-24T10:00:00+01:00,0.7163323760032654,0.7166403532028198,0.7162810564041138,0.7165377140045166
2026-08-24T11:00:00+01:00,0.7166403532028198,0.716794490814209,0.7162297964096069,0.7162810564041138
2026-08-24T12:00:00+01:00,0.7162297964096069,0.7170000672340393,0.7160758972167969,0.7166917324066162
2026-08-24T13:00:00+01:00,0.716589093208313,0.7168973088264465,0.7163323760032654,0.7164863348007202
2026-08-24T14:00:00+01:00,0.7165377140045166,0.7169486880302429,0.716383695602417,0.716383695602417
2026-08-24T15:00:00+01:00,0.7166403532028198,0.7166403532028198,0.7162810564041138,0.716383695602417
2026-08-24T16:00:00+01:00,0.7156146764755249,0.7158196568489075,0.7152052521705627,0.7152052521705627
2026-08-24T17:00:00+01:00,0.7153075933456421,0.7155634760856628,0.7151541113853455,0.7152052521705627
2026-08-24T18:00:00+01:00,0.715103030204773,0.71525639295578,0.7143877744674683,0.7145408987998962
2026-08-24T19:00:00+01:00,0.7145408987998962,0.7153075933456421,0.7145408987998962,0.7150007486343384
2026-08-24T20:00:00+01:00,0.7150007486343384,0.7151541113853455,0.7148473858833313,0.7150518298149109
2026-08-24T21:00:00+01:00,0.7150007486343384,0.71525639295578,0.7150007486343384,0.71525639295578
2026-08-24T22:00:00+01:00,0.7150007486343384,0.7154611349105835,0.7148984670639038,0.7151541113853455
2026-08-24T23:00:00+01:00,0.7152052521705627,0.7153075933456421,0.7151541113853455,0.71525639295578
2026-08-25T00:00:00+01:00,0.7153075933456421,0.7157171368598938,0.7151541113853455,0.7157171368598938
2026-08-25T01:00:00+01:00,0.7158196568489075,0.7161272168159485,0.7157171368598938,0.7159220576286316
2026-08-25T02:00:00+01:00,0.71602463722229,0.7161272168159485,0.7154611349105835,0.7154611349105835
2026-08-25T03:00:00+01:00,0.7154611349105835,0.7158707976341248,0.7154611349105835,0.7154611349105835
2026-08-25T04:00:00+01:00,0.7155634760856628,0.7158707976341248,0.7153587341308594,0.7154099345207214
2026-08-25T05:00:00+01:00,0.7153587341308594,0.7153587341308594,0.7148473858833313,0.715103030204773
2026-08-25T06:00:00+01:00,0.7151541113853455,0.7155634760856628,0.7150007486343384,0.7150007486343384
2026-08-25T07:00:00+01:00,0.71525639295578,0.7153075933456421,0.7145919799804688,0.7145919799804688
2026-08-25T08:00:00+01:00,0.7147452235221863,0.7149496078491211,0.7145408987998962,0.7146941423416138
2026-08-25T09:00:00+01:00,0.7146430611610413,0.7150518298149109,0.7140816450119019,0.7150007486343384
2026-08-25T10:00:00+01:00,0.7151541113853455,0.7159220576286316,0.715103030204773,0.7157683968544006
2026-08-25T11:00:00+01:00,0.7156146764755249,0.7156146764755249,0.71525639295578,0.7155634760856628
2026-08-25T12:00:00+01:00,0.7155122756958008,0.7159733772277832,0.7153587341308594,0.7156146764755249
2026-08-25T13:00:00+01:00,0.7156146764755249,0.7157171368598938,0.71525639295578,0.7157171368598938
2026-08-25T14:00:00+01:00,0.7156146764755249,0.7164350152015686,0.7154611349105835,0.7158707976341248
2026-08-25T15:00:00+01:00,0.71602463722229,0.7160758972167969,0.7158707976341248,0.7159733772277832
2026-08-25T16:00:00+01:00,0.7158707976341248,0.716383695602417,0.7156146764755249,0.7160758972167969
2026-08-25T17:00:00+01:00,0.7161784768104553,0.7162297964096069,0.7156659364700317,0.7156659364700317
2026-08-25T18:00:00+01:00,0.7157683968544006,0.71602463722229,0.7156146764755249,0.71602463722229
2026-08-25T19:00:00+01:00,0.71602463722229,0.7161784768104553,0.7159220576286316,0.7161784768104553
2026-08-25T20:00:00+01:00,0.7162297964096069,0.7168458700180054,0.7161784768104553,0.7168458700180054
2026-08-25T21:00:00+01:00,0.716794490814209,0.7171028852462769,0.7166917324066162,0.7166917324066162
2026-08-25T22:00:00+01:00,0.7164863348007202,0.7166403532028198,0.7161784768104553,0.7164350152015686
2026-08-25T23:00:00+01:00,0.7166403532028198,0.7167431116104126,0.7165377140045166,0.7167431116104126
2026-08-26T00:00:00+01:00,0.7167431116104126,0.7168458700180054,0.7166403532028198,0.7167431116104126
2026-08-26T01:00:00+01:00,0.716794490814209,0.717154324054718,0.7165377140045166,0.7165377140045166
2026-08-26T02:00:00+01:00,0.7165377140045166,0.7182875871658325,0.7162810564041138,0.7179266214370728
2026-08-26T03:00:00+01:00,0.717875063419342,0.7186489701271057,0.7178235650062561,0.7180297374725342
2026-08-26T04:00:00+01:00,0.7181328535079956,0.7188555598258972,0.7180812358856201,0.7183908224105835
2026-08-26T05:00:00+01:00,0.7184939980506897,0.71854567527771,0.7177720069885254,0.7179266214370728
2026-08-26T06:00:00+01:00,0.7179781794548035,0.7185972929000854,0.7179781794548035,0.7185972929000854
2026-08-26T07:00:00+01:00,0.7184939980506897,0.7187005877494812,0.7176690101623535,0.7181844115257263
2026-08-26T08:00:00+01:00,0.7181328535079956,0.7183908224105835,0.7179266214370728,0.7182360291481018
2026-08-26T09:00:00+01:00,0.7182360291481018,0.7188039422035217,0.7182360291481018,0.718339204788208
2026-08-26T10:00:00+01:00,0.7183908224105835,0.718442440032959,0.7181328535079956,0.7183908224105835
2026-08-26T11:00:00+01:00,0.7183908224105835,0.718442440032959,0.7182360291481018,0.7182360291481018
2026-08-26T12:00:00+01:00,0.7182875871658325,0.7187005877494812,0.7182360291481018,0.7187005877494812
2026-08-26T13:00:00+01:00,0.7187522649765015,0.7191140651702881,0.7180812358856201,0.7181328535079956
2026-08-26T14:00:00+01:00,0.7179266214370728,0.7181328535079956,0.7175660133361816,0.7179781794548035
2026-08-26T15:00:00+01:00,0.7178235650062561,0.7178235650062561,0.7174115777015686,0.7176175117492676
2026-08-26T16:00:00+01:00,0.716794490814209,0.7172572016716003,0.7167431116104126,0.7170514464378357
2026-08-26T17:00:00+01:00,0.7171028852462769,0.7174630165100098,0.7170000672340393,0.717154324054718
2026-08-26T18:00:00+01:00,0.717154324054718,0.7176690101623535,0.7170514464378357,0.7175145149230957
2026-08-26T19:00:00+01:00,0.7175660133361816,0.7177205085754395,0.7174115777015686,0.7174115777015686
2026-08-26T20:00:00+01:00,0.7174115777015686,0.7175660133361816,0.7173087000846863,0.7175145149230957
2026-08-26T21:00:00+01:00,0.7176175117492676,0.7177205085754395,0.7175145149230957,0.7176690101623535
2026-08-26T22:00:00+01:00,0.7168973088264465,0.7178235650062561,0.7168458700180054,0.7178235650062561
2026-08-26T23:00:00+01:00,0.717875063419342,0.7182360291481018,0.7178235650062561,0.7181844115257263
2026-08-27T00:00:00+01:00,0.7182360291481018,0.7186489701271057,0.7182360291481018,0.718339204788208
2026-08-27T01:00:00+01:00,0.7183908224105835,0.7183908224105835,0.717875063419342,0.7182875871658325
2026-08-27T02:00:00+01:00,0.7183908224105835,0.7187522649765015,0.7181844115257263,0.71854567527771
2026-08-27T03:00:00+01:00,0.7186489701271057,0.7187522649765015,0.718442440032959,0.71854567527771
2026-08-27T04:00:00+01:00,0.71854567527771,0.7185972929000854,0.7183908224105835,0.7184939980506897
2026-08-27T05:00:00+01:00,0.7184939980506897,0.7188039422035217,0.718339204788208,0.7188039422035217
2026-08-27T06:00:00+01:00,0.7188039422035217,0.7188039422035217,0.718339204788208,0.7184939980506897
2026-08-27T07:00:00+01:00,0.7184939980506897,0.7188555598258972,0.7182875871658325,0.71854567527771
2026-08-27T08:00:00+01:00,0.7187005877494812,0.7188555598258972,0.7182360291481018,0.7183908224105835
2026-08-27T09:00:00+01:00,0.7183908224105835,0.7189072370529175,0.7183908224105835,0.7187005877494812
2026-08-27T10:00:00+01:00,0.71854567527771,0.71854567527771,0.7178235650062561,0.7179266214370728
2026-08-27T11:00:00+01:00,0.7178235650062561,0.7182875871658325,0.7177720069885254,0.7182360291481018
2026-08-27T12:00:00+01:00,0.7181328535079956,0.7188039422035217,0.7180812358856201,0.7188039422035217
2026-08-27T13:00:00+01:00,0.7189589142799377,0.7194244861602783,0.7187522649765015,0.7190106511116028
2026-08-27T14:00:00+01:00,0.7189589142799377,0.7197869420051575,0.7189589142799377,0.7195797562599182
2026-08-27T15:00:00+01:00,0.7194762229919434,0.7197351455688477,0.7191658020019531,0.7192692160606384
2026-08-27T16:00:00+01:00,0.7193726897239685,0.7199942469596863,0.7193726897239685,0.7199942469596863
2026-08-27T17:00:00+01:00,0.7199942469596863,0.7199942469596863,0.7196833491325378,0.7198387980461121
2026-08-27T18:00:00+01:00,0.7199942469596863,0.7199942469596863,0.7198387980461121,0.7198905944824219
2026-08-27T19:00:00+01:00,0.7198905944824219,0.7198905944824219,0.7195280194282532,0.7198387980461121
2026-08-27T20:00:00+01:00,0.7198387980461121,0.7198387980461121,0.7198387980461121,0.7198387980461121
