timestamp,open,high,low,close
2026-06-23T03:00:00+01:00,1.3243980407714844,1.3249419927597046,1.3242402076721191,1.324257731437683
2026-06-23T04:00:00+01:00,1.324310302734375,1.3249419927597046,1.323539137840271,1.3249419927597046
2026-06-23T05:00:00+01:00,1.3249419927597046,1.3249419927597046,1.3236092329025269,1.3236442804336548
2026-06-23T06:00:00+01:00,1.323539137840271,1.3242928981781006,1.3233989477157593,1.3242928981781006
2026-06-23T07:00:00+01:00,1.324099898338318,1.324643611907959,1.3229438066482544,1.3236267566680908
2026-06-23T08:00:00+01:00,1.3231713771820068,1.3249244689941406,1.3221741914749146,1.3226463794708252
2026-06-23T09:00:00+01:00,1.3227338790893557,1.323521614074707,1.3213355541229248,1.3218770027160645
2026-06-23T10:00:00+01:00,1.3220343589782717,1.3230663537979126,1.3216499090194702,1.3230663537979126
2026-06-23T11:00:00+01:00,1.3231364488601685,1.3231364488601685,1.321126103401184,1.3221042156219482
2026-06-23T12:00:00+01:00,1.3221566677093506,1.3224189281463623,1.3207770586013794,1.3208470344543457
2026-06-23T13:00:00+01:00,1.3208119869232178,1.3219294548034668,1.3208119869232178,1.321143627166748
2026-06-23T14:00:00+01:00,1.3211784362792969,1.3221566677093506,1.3205503225326538,1.3213181495666504
2026-06-23T15:00:00+01:00,1.321457862854004,1.321457862854004,1.3195745944976809,1.3200798034667969
2026-06-23T16:00:00+01:00,1.320166826248169,1.3202539682388306,1.3185480833053589,1.3189306259155271
2026-06-23T17:00:00+01:00,1.3190698623657229,1.3196790218353271,1.3186522722244265,1.3188087940216064
2026-06-23T18:00:00+01:00,1.318634867668152,1.3192089796066284,1.318426251411438,1.318878412246704
2026-06-23T19:00:00+01:00,1.3188611268997192,1.318878412246704,1.3183741569519043,1.3188087940216064
2026-06-23T20:00:00+01:00,1.318878412246704,1.3200970888137815,1.318878412246704,1.3196965456008911
2026-06-23T21:00:00+01:00,1.3195223808288574,1.3204632997512815,1.3195223808288574,1.3204632997512815
2026-06-23T22:00:00+01:00,1.3206549882888794,1.3206549882888794,1.320027470588684,1.3202539682388306
2026-06-23T23:00:00+01:00,1.3200798034667969,1.320201754570007,1.319922924041748,1.32013201713562
2026-06-24T00:00:00+01:00,1.3200970888137815,1.320393443107605,1.3197835683822632,1.3199926614761353
2026-06-24T01:00:00+01:00,1.3199926614761353,1.320288896560669,1.3194527626037598,1.3199577331542969
2026-06-24T02:00:00+01:00,1.3197835683822632,1.3202191591262815,1.3192437887191772,1.320166826248169
2026-06-24T03:00:00+01:00,1.3201494216918943,1.3203760385513306,1.3192611932754517,1.3192611932754517
2026-06-24T04:00:00+01:00,1.3191393613815308,1.32013201713562,1.3188611268997192,1.3199403285980225
2026-06-24T05:00:00+01:00,1.3198881149291992,1.3198881149291992,1.3192089796066284,1.3193482160568235
2026-06-24T06:00:00+01:00,1.3193135261535645,1.319818377494812,1.3193135261535645,1.3195570707321167
2026-06-24T07:00:00+01:00,1.3194352388381958,1.3208818435668943,1.318634867668152,1.318634867668152
2026-06-24T08:00:00+01:00,1.318687081336975,1.3197835683822632,1.3181134462356567,1.3188261985778809
2026-06-24T09:00:00+01:00,1.3187741041183472,1.3196442127227783,1.317210674285889,1.3193135261535645
2026-06-24T10:00:00+01:00,1.319278597831726,1.3195570707321167,1.3176618814468384,1.3176618814468384
2026-06-24T11:00:00+01:00,1.3175925016403198,1.3175925016403198,1.3156163692474363,1.315824031829834
2026-06-24T12:00:00+01:00,1.3158587217330933,1.3173494338989258,1.3151837587356567,1.3161011934280396
2026-06-24T13:00:00+01:00,1.3164130449295044,1.3167771100997925,1.314405918121338,1.3150107860565186
2026-06-24T14:00:00+01:00,1.3152011632919312,1.316551685333252,1.314509630203247,1.316187858581543
2026-06-24T15:00:00+01:00,1.3161704540252686,1.3166556358337402,1.3140431642532349,1.3147342205047607
2026-06-24T16:00:00+01:00,1.314716935157776,1.3170371055603027,1.314716935157776,1.3159106969833374
2026-06-24T17:00:00+01:00,1.3159106969833374,1.3179398775100708,1.3157029151916504,1.3170545101165771
2026-06-24T18:00:00+01:00,1.3172626495361328,1.3172626495361328,1.315477967262268,1.3157029151916504
2026-06-24T19:00:00+01:00,1.315754771232605,1.3170199394226074,1.3156856298446655,1.3161357641220093
2026-06-24T20:00:00+01:00,1.3162224292755127,1.316534399986267,1.3157202005386353,1.3161011934280396
2026-06-24T21:00:00+01:00,1.3160492181777954,1.3170199394226074,1.3160492181777954,1.3168810606002808
2026-06-24T22:00:00+01:00,1.3180266618728638,1.3180266618728638,1.3162744045257568,1.3168463706970217
2026-06-24T23:00:00+01:00,1.3166383504867554,1.3167771100997925,1.3164130449295044,1.3165690898895264
2026-06-25T00:00:00+01:00,1.3165863752365112,1.3168116807937622,1.3163957595825195,1.3164650201797483
2026-06-25T01:00:00+01:00,1.3162050247192385,1.316551685333252,1.3159106969833374,1.316326379776001
2026-06-25T02:00:00+01:00,1.316309094429016,1.3182698488235474,1.316309094429016,1.3170719146728516
2026-06-25T03:00:00+01:00,1.3169505596160889,1.3180439472198486,1.3169505596160889,1.317766189575195
2026-06-25T04:00:00+01:00,1.317835569381714,1.3183915615081787,1.317835569381714,1.3182177543640137
2026-06-25T05:00:00+01:00,1.318235158920288,1.3185653686523438,1.318061351776123,1.3182698488235474
2026-06-25T06:00:00+01:00,1.3183915615081787,1.3185306787490845,1.3176966905593872,1.317766189575195
2026-06-25T07:00:00+01:00,1.3178181648254397,1.317905068397522,1.3168810606002808,1.317332148551941
2026-06-25T08:00:00+01:00,1.3174710273742676,1.31851327419281,1.31714129447937,1.31851327419281
2026-06-25T09:00:00+01:00,1.3186001777648926,1.3196790218353271,1.3184436559677124,1.3190523386001587
2026-06-25T10:00:00+01:00,1.319087266921997,1.3196442127227783,1.318426251411438,1.318687081336975
2026-06-25T11:00:00+01:00,1.3185480833053589,1.3185480833053589,1.316516995429993,1.3168290853500366
2026-06-25T12:00:00+01:00,1.3168463706970217,1.3168463706970217,1.315166473388672,1.315408706665039
2026-06-25T13:00:00+01:00,1.3155817985534668,1.318634867668152,1.315477967262268,1.3176792860031128
2026-06-25T14:00:00+01:00,1.317800760269165,1.3197312355041504,1.3174362182617188,1.3188437223434448
2026-06-25T15:00:00+01:00,1.3190698623657229,1.3215101957321167,1.3190698623657229,1.3202539682388306
2026-06-25T16:00:00+01:00,1.3203237056732178,1.3216150999069214,1.3199055194854736,1.3215800523757937
2026-06-25T17:00:00+01:00,1.3213355541229248,1.3219469785690308,1.320515513420105,1.3205852508544922
2026-06-25T18:00:00+01:00,1.3205852508544922,1.3206201791763306,1.3199577331542969,1.3202539682388306
2026-06-25T19:00:00+01:00,1.3201494216918943,1.320533037185669,1.3195570707321167,1.3199751377105713
2026-06-25T20:00:00+01:00,1.320027470588684,1.320533037185669,1.3195570707321167,1.32000994682312
2026-06-25T21:00:00+01:00,1.3201842308044434,1.3201842308044434,1.319087266921997,1.3191568851470947
2026-06-25T22:00:00+01:00,1.319818377494812,1.320934176445007,1.3192960023880005,1.319713830947876
2026-06-25T23:00:00+01:00,1.319591999053955,1.319591999053955,1.319087266921997,1.3192611932754517
2026-06-26T00:00:00+01:00,1.319383144378662,1.319383144378662,1.318426251411438,1.3187566995620728
2026-06-26T01:00:00+01:00,1.3188611268997192,1.3194178342819214,1.3188087940216064,1.319400429725647
2026-06-26T02:00:00+01:00,1.3194527626037598,1.32000994682312,1.3187741041183472,1.31901752948761
2026-06-26T03:00:00+01:00,1.3191219568252563,1.3192960023880005,1.3181134462356567,1.31835675239563
2026-06-26T04:00:00+01:00,1.3183741569519043,1.319818377494812,1.3183741569519043,1.319818377494812
2026-06-26T05:00:00+01:00,1.3198009729385376,1.320166826248169,1.3196094036102295,1.3201494216918943
2026-06-26T06:00:00+01:00,1.3201842308044434,1.3207945823669434,1.3199751377105713,1.320637583732605
2026-06-26T07:00:00+01:00,1.3206027746200562,1.3206201791763306,1.3194701671600342,1.3198357820510864
2026-06-26T08:00:00+01:00,1.3197487592697144,1.3210737705230713,1.319191575050354,1.3205678462982178
2026-06-26T09:00:00+01:00,1.3206027746200562,1.3221392631530762,1.3200448751449585,1.321754813194275
2026-06-26T10:00:00+01:00,1.321545124053955,1.322873830795288,1.320934176445007,1.3221042156219482
2026-06-26T11:00:00+01:00,1.32206928730011,1.3223665952682495,1.321684956550598,1.3223140239715576
2026-06-26T12:00:00+01:00,1.3223140239715576,1.3224539756774902,1.3212482929229736,1.3216499090194702
2026-06-26T13:00:00+01:00,1.321684956550598,1.322209119796753,1.3203411102294922,1.3214229345321655
2026-06-26T14:00:00+01:00,1.3210911750793457,1.322541356086731,1.3204457759857178,1.322541356086731
2026-06-26T15:00:00+01:00,1.3226288557052612,1.3230137825012207,1.3198881149291992,1.3198881149291992
2026-06-26T16:00:00+01:00,1.32000994682312,1.3222615718841553,1.319922924041748,1.3220866918563845
2026-06-26T17:00:00+01:00,1.3221392631530762,1.3221392631530762,1.320533037185669,1.3206201791763306
2026-06-26T18:00:00+01:00,1.320533037185669,1.3209691047668457,1.3199577331542969,1.3201146125793457
2026-06-26T19:00:00+01:00,1.3200970888137815,1.3206549882888794,1.3200448751449585,1.3200970888137815
2026-06-26T20:00:00+01:00,1.32000994682312,1.3203237056732178,1.319591999053955,1.3199577331542969
2026-06-26T21:00:00+01:00,1.3199403285980225,1.3204283714294434,1.319383144378662,1.3196965456008911
2026-06-26T22:00:00+01:00,1.3198009729385376,1.3198009729385376,1.3198009729385376,1.3198009729385376
2026-06-29T00:00:00+01:00,1.3195048570632937,1.3197835683822632,1.3192611932754517,1.3197835683822632
2026-06-29T01:00:00+01:00,1.319713830947876,1.32013201713562,1.3194527626037598,1.320062279701233
2026-06-29T02:00:00+01:00,1.32000994682312,1.3204805850982666,1.3197487592697144,1.3199055194854736
2026-06-29T03:00:00+01:00,1.3198705911636353,1.321038842201233,1.3198705911636353,1.3203411102294922
2026-06-29T04:00:00+01:00,1.3203411102294922,1.320637583732605,1.3199403285980225,1.3199403285980225
2026-06-29T05:00:00+01:00,1.3198357820510864,1.3200798034667969,1.3196965456008911,1.319922924041748
2026-06-29T06:00:00+01:00,1.3199926614761353,1.3212482929229736,1.3199926614761353,1.3210039138793943
2026-06-29T07:00:00+01:00,1.321038842201233,1.3227688074111938,1.32098650932312,1.3227514028549194
2026-06-29T08:00:00+01:00,1.3225764036178589,1.3228038549423218,1.3214054107666016,1.3214054107666016
2026-06-29T09:00:00+01:00,1.3215101957321167,1.3216674327850342,1.320393443107605,1.3207248449325562
2026-06-29T10:00:00+01:00,1.3207073211669922,1.321737289428711,1.3207073211669922,1.321562647819519
2026-06-29T11:00:00+01:00,1.3217896223068235,1.322541356086731,1.3210214376449585,1.3222966194152832
2026-06-29T12:00:00+01:00,1.3223665952682495,1.323486566543579,1.3223665952682495,1.323293924331665
2026-06-29T13:00:00+01:00,1.3231713771820068,1.3239421844482422,1.322891354560852,1.323276400566101
2026-06-29T14:00:00+01:00,1.3236267566680908,1.3246086835861206,1.323521614074707,1.3241876363754272
2026-06-29T15:00:00+01:00,1.323766827583313,1.324748992919922,1.323083758354187,1.324626088142395
2026-06-29T16:00:00+01:00,1.3245383501052856,1.3252756595611572,1.324327826499939,1.3252756595611572
2026-06-29T17:00:00+01:00,1.325398564338684,1.3258554935455322,1.3251878023147583,1.3255040645599363
2026-06-29T18:00:00+01:00,1.3255040645599363,1.3258203268051147,1.3251526355743408,1.3257324695587158
2026-06-29T19:00:00+01:00,1.3257851600646973,1.326084017753601,1.3256973028182983,1.3257851600646973
2026-06-29T20:00:00+01:00,1.3258203268051147,1.3262951374053955,1.3255391120910645,1.3261016607284546
2026-06-29T21:00:00+01:00,1.3261016607284546,1.326259970664978,1.3258203268051147,1.3259786367416382
2026-06-29T22:00:00+01:00,1.3257148265838623,1.326066493988037,1.3243454694747925,1.3256269693374634
2026-06-29T23:00:00+01:00,1.3260313272476196,1.326207160949707,1.3258028030395508,1.326207160949707
2026-06-30T00:00:00+01:00,1.3261016607284546,1.3261544704437256,1.325398564338684,1.3254337310791016
2026-06-30T01:00:00+01:00,1.3252581357955933,1.325486421585083,1.323994755744934,1.3244507312774658
2026-06-30T02:00:00+01:00,1.3246787786483765,1.3247840404510498,1.323574185371399,1.323574185371399
2026-06-30T03:00:00+01:00,1.3236267566680908,1.324012279510498,1.323486566543579,1.3236618041992188
2026-06-30T04:00:00+01:00,1.3237494230270386,1.3239071369171145,1.3232064247131348,1.323364019393921
2026-06-30T05:00:00+01:00,1.323328971862793,1.3236618041992188,1.323031306266785,1.323031306266785
2026-06-30T06:00:00+01:00,1.3229262828826904,1.323311448097229,1.3226114511489868,1.3226814270019531
2026-06-30T07:00:00+01:00,1.3227163553237915,1.3245209455490112,1.3223315477371216,1.3241350650787354
2026-06-30T08:00:00+01:00,1.3242226839065552,1.3246787786483765,1.3234341144561768,1.323591709136963
2026-06-30T09:00:00+01:00,1.3234164714813232,1.323521614074707,1.3222440481185913,1.323118805885315
2026-06-30T10:00:00+01:00,1.3229963779449463,1.3238720893859863,1.3229963779449463,1.3237143754959106
2026-06-30T11:00:00+01:00,1.3236267566680908,1.32397723197937,1.3232239484786987,1.3236967325210571
2026-06-30T12:00:00+01:00,1.3236267566680908,1.3236267566680908,1.3216325044631958,1.3226988315582275
2026-06-30T13:00:00+01:00,1.3227163553237915,1.3227163553237915,1.3214054107666016,1.321737289428711
2026-06-30T14:00:00+01:00,1.3216325044631958,1.323118805885315,1.3215101957321167,1.3221917152404783
2026-06-30T15:00:00+01:00,1.3220343589782717,1.327351450920105,1.321684956550598,1.327316164970398
2026-06-30T16:00:00+01:00,1.3272457122802734,1.327580451965332,1.3256621360778809,1.3256973028182983
2026-06-30T17:00:00+01:00,1.3257501125335691,1.3258203268051147,1.3249244689941406,1.325100064277649
2026-06-30T18:00:00+01:00,1.3251878023147583,1.3258203268051147,1.3250824213027954,1.3256094455718994
2026-06-30T19:00:00+01:00,1.3256269693374634,1.3263654708862305,1.325574278831482,1.3256269693374634
2026-06-30T20:00:00+01:00,1.3255040645599363,1.326559066772461,1.3252933025360107,1.326559066772461
2026-06-30T21:00:00+01:00,1.32650625705719,1.326611876487732,1.325960993766785,1.326189637184143
2026-06-30T22:00:00+01:00,1.326207160949707,1.3263126611709597,1.3251702785491943,1.3261544704437256
2026-06-30T23:00:00+01:00,1.3260313272476196,1.326066493988037,1.3257324695587158,1.3257851600646973
2026-07-01T00:00:00+01:00,1.3258203268051147,1.3258379697799685,1.324977159500122,1.3250473737716677
2026-07-01T01:00:00+01:00,1.325065016746521,1.3252054452896118,1.3244857788085938,1.324643611907959
2026-07-01T02:00:00+01:00,1.324626088142395,1.324626088142395,1.3236092329025269,1.3238019943237305
2026-07-01T03:00:00+01:00,1.3238544464111328,1.324099898338318,1.323504090309143,1.323766827583313
2026-07-01T04:00:00+01:00,1.3236793279647827,1.3239421844482422,1.3232064247131348,1.323521614074707
2026-07-01T05:00:00+01:00,1.3236092329025269,1.324433207511902,1.323328971862793,1.3242402076721191
2026-07-01T06:00:00+01:00,1.3241876363754272,1.3245383501052856,1.324082374572754,1.3242402076721191
2026-07-01T07:00:00+01:00,1.3241524696350098,1.3244681358337402,1.323591709136963,1.324433207511902
2026-07-01T08:00:00+01:00,1.3243980407714844,1.324591040611267,1.3229963779449463,1.3244507312774658
2026-07-01T09:00:00+01:00,1.3245033025741575,1.3252404928207395,1.323994755744934,1.3244857788085938
2026-07-01T10:00:00+01:00,1.324591040611267,1.325644612312317,1.324433207511902,1.3248367309570312
2026-07-01T11:00:00+01:00,1.324731469154358,1.325644612312317,1.324591040611267,1.3255215883255005
2026-07-01T12:00:00+01:00,1.3252933025360107,1.3252933025360107,1.324257731437683,1.324327826499939
2026-07-01T13:00:00+01:00,1.3243805170059204,1.3249069452285769,1.323539137840271,1.3238720893859863
2026-07-01T14:00:00+01:00,1.3236967325210571,1.3277567625045776,1.3221042156219482,1.326400637626648
2026-07-01T15:00:00+01:00,1.3266997337341309,1.329168677330017,1.3264886140823364,1.327703833580017
2026-07-01T16:00:00+01:00,1.3278449773788452,1.3281270265579224,1.3267173767089844,1.3278625011444092
2026-07-01T17:00:00+01:00,1.3278449773788452,1.329168677330017,1.3278449773788452,1.328303575515747
2026-07-01T18:00:00+01:00,1.3282681703567505,1.3285152912139893,1.3278096914291382,1.3279330730438232
2026-07-01T19:00:00+01:00,1.3278273344039917,1.3279507160186768,1.3271929025650024,1.3278801441192627
2026-07-01T20:00:00+01:00,1.3278449773788452,1.3282681703567505,1.3278273344039917,1.3278625011444092
2026-07-01T21:00:00+01:00,1.3278977870941162,1.328091740608215,1.327069640159607,1.3276686668395996
2026-07-01T22:00:00+01:00,1.3275980949401855,1.328321099281311,1.327351450920105,1.327739119529724
2026-07-01T23:00:00+01:00,1.3277744054794312,1.3280389308929443,1.3275452852249146,1.3280036449432373
2026-07-02T00:00:00+01:00,1.3279860019683838,1.328056573867798,1.3278625011444092,1.3278977870941162
2026-07-02T01:00:00+01:00,1.3278801441192627,1.328356385231018,1.3275099992752075,1.3278449773788452
2026-07-02T02:00:00+01:00,1.3278977870941162,1.32908034324646,1.3278449773788452,1.3284623622894287
2026-07-02T03:00:00+01:00,1.3284447193145752,1.329504370689392,1.3284447193145752,1.328638792037964
2026-07-02T04:00:00+01:00,1.328585863113403,1.328709363937378,1.3280742168426514,1.328638792037964
2026-07-02T05:00:00+01:00,1.3287800550460815,1.329203963279724,1.328585863113403,1.3289920091629028
2026-07-02T06:00:00+01:00,1.3289920091629028,1.3292922973632812,1.328762412071228,1.329168677330017
2026-07-02T07:00:00+01:00,1.3292216062545776,1.3320900201797483,1.3292216062545776,1.330725073814392
2026-07-02T08:00:00+01:00,1.330477237701416,1.333777904510498,1.3299640417099,1.333653450012207
2026-07-02T09:00:00+01:00,1.333777904510498,1.3362730741500854,1.333777904510498,1.335666298866272
2026-07-02T10:00:00+01:00,1.335577130317688,1.3357375860214231,1.3339736461639404,1.334294080734253
2026-07-02T11:00:00+01:00,1.3340803384780884,1.334489822387695,1.332675814628601,1.3333333730697632
2026-07-02T12:00:00+01:00,1.3333154916763306,1.3333154916763306,1.3310438394546509,1.331256628036499
2026-07-02T13:00:00+01:00,1.3309907913208008,1.3381685018539429,1.329787254333496,1.3362374305725098
2026-07-02T14:00:00+01:00,1.3366659879684448,1.3379895687103271,1.335594892501831,1.3373990058898926
2026-07-02T15:00:00+01:00,1.337470531463623,1.3385447263717651,1.3358089923858645,1.337524175643921
2026-07-02T16:00:00+01:00,1.3375779390335083,1.3377389907836914,1.3362016677856443,1.3362195491790771
2026-07-02T17:00:00+01:00,1.3362374305725098,1.3362374305725098,1.3350600004196167,1.3354523181915283
2026-07-02T18:00:00+01:00,1.335327386856079,1.335327386856079,1.33384907245636,1.3340091705322266
2026-07-02T19:00:00+01:00,1.3341516256332395,1.3351670503616333,1.3341516256332395,1.334810495376587
2026-07-02T20:00:00+01:00,1.334810495376587,1.3348461389541626,1.3342584371566772,1.3345789909362793
2026-07-02T21:00:00+01:00,1.334507703781128,1.3351670503616333,1.334507703781128,1.3348283767700195
2026-07-02T22:00:00+01:00,1.335577130317688,1.335577130317688,1.3342050313949585,1.334917426109314
2026-07-02T23:00:00+01:00,1.3350600004196167,1.3350600004196167,1.3342584371566772,1.3343652486801147
2026-07-03T00:00:00+01:00,1.334489822387695,1.3347749710083008,1.333866834640503,1.333866834640503
2026-07-03T01:00:00+01:00,1.3340270519256592,1.334810495376587,1.3335466384887695,1.334810495376587
2026-07-03T02:00:00+01:00,1.3348283767700195,1.3363981246948242,1.334810495376587,1.3356841802597046
2026-07-03T03:00:00+01:00,1.3356127738952637,1.3366482257843018,1.335559368133545,1.3361302614212036
2026-07-03T04:00:00+01:00,1.3361839056015017,1.3362730741500854,1.3357733488082886,1.3362195491790771
2026-07-03T05:00:00+01:00,1.3361481428146362,1.3366124629974363,1.3358268737792969,1.3365410566329956
2026-07-03T06:00:00+01:00,1.336594581604004,1.3377389907836914,1.336523175239563,1.336523175239563
2026-07-03T07:00:00+01:00,1.3366303443908691,1.3380253314971924,1.3365410566329956,1.3370234966278076
2026-07-03T08:00:00+01:00,1.3367911577224731,1.3375779390335083,1.3363981246948242,1.3371844291687012
2026-07-03T09:00:00+01:00,1.3373453617095947,1.3373453617095947,1.3358089923858645,1.3361302614212036
2026-07-03T10:00:00+01:00,1.33604097366333,1.3361839056015017,1.3352025747299194,1.3352025747299194
2026-07-03T11:00:00+01:00,1.3351134061813354,1.336094617843628,1.3350956439971924,1.335755467414856
2026-07-03T12:00:00+01:00,1.3356127738952637,1.3364337682724,1.33539879322052,1.3358268737792969
2026-07-03T13:00:00+01:00,1.3358268737792969,1.3360588550567627,1.335559368133545,1.335666298866272
2026-07-03T14:00:00+01:00,1.3355414867401123,1.3355414867401123,1.3347749710083008,1.3347749710083008
2026-07-03T15:00:00+01:00,1.3349530696868896,1.3358447551727295,1.3347214460372925,1.3357198238372805
2026-07-03T16:00:00+01:00,1.3356841802597046,1.3357375860214231,1.335131287574768,1.3356306552886963
2026-07-03T17:00:00+01:00,1.3355414867401123,1.3356127738952637,1.3351670503616333,1.3355236053466797
2026-07-03T18:00:00+01:00,1.335559368133545,1.3358089923858645,1.3354878425598145,1.3357020616531372
2026-07-03T19:00:00+01:00,1.3356484174728394,1.3357912302017212,1.335577130317688,1.3357733488082886
2026-07-03T20:00:00+01:00,1.3356306552886963,1.3358268737792969,1.3353630304336548,1.3353809118270874
2026-07-03T21:00:00+01:00,1.3353452682495115,1.3354523181915283,1.3347214460372925,1.335006594657898
2026-07-03T22:00:00+01:00,1.334988713264465,1.334988713264465,1.334988713264465,1.334988713264465
2026-07-06T00:00:00+01:00,1.334935188293457,1.3353630304336548,1.3346322774887085,1.3352738618850708
2026-07-06T01:00:00+01:00,1.3352025747299194,1.3356841802597046,1.3348283767700195,1.3353452682495115
2026-07-06T02:00:00+01:00,1.335309624671936,1.335416555404663,1.333991527557373,1.3340270519256592
2026-07-06T03:00:00+01:00,1.3340626955032349,1.3347570896148682,1.333991527557373,1.3347570896148682
2026-07-06T04:00:00+01:00,1.33470356464386,1.3347926139831543,1.3340270519256592,1.3342405557632446
2026-07-06T05:00:00+01:00,1.3342584371566772,1.334561109542847,1.3342229127883911,1.3343117237091064
2026-07-06T06:00:00+01:00,1.3342229127883911,1.3344186544418335,1.3336355686187744,1.33367121219635
2026-07-06T07:00:00+01:00,1.3338313102722168,1.334098219871521,1.333173394203186,1.3334044218063354
2026-07-06T08:00:00+01:00,1.333191156387329,1.334917426109314,1.3329956531524658,1.334917426109314
2026-07-06T09:00:00+01:00,1.334988713264465,1.334988713264465,1.3331555128097534,1.3338135480880735
2026-07-06T10:00:00+01:00,1.3334933519363403,1.334133863449097,1.3331555128097534,1.3334933519363403
2026-07-06T11:00:00+01:00,1.3334400653839111,1.3346680402755735,1.3332977294921875,1.334133863449097
2026-07-06T12:00:00+01:00,1.334098219871521,1.3345433473587036,1.33367121219635,1.334507703781128
2026-07-06T13:00:00+01:00,1.3348283767700195,1.335149168968201,1.3338313102722168,1.3342050313949585
2026-07-06T14:00:00+01:00,1.3341516256332395,1.3356127738952637,1.3341516256332395,1.3346501588821411
2026-07-06T15:00:00+01:00,1.334614634513855,1.335862636566162,1.3344720602035522,1.335594892501831
2026-07-06T16:00:00+01:00,1.3357198238372805,1.3367911577224731,1.335309624671936,1.3367911577224731
2026-07-06T17:00:00+01:00,1.3367375135421753,1.337685227394104,1.3365589380264282,1.3375779390335083
2026-07-06T18:00:00+01:00,1.3377031087875366,1.3383835554122925,1.3375064134597778,1.338240146636963
2026-07-06T19:00:00+01:00,1.3382223844528198,1.33969247341156,1.3381506204605105,1.3394591808319092
2026-07-06T20:00:00+01:00,1.3394770622253418,1.339674472808838,1.339046597480774,1.339172124862671
2026-07-06T21:00:00+01:00,1.339261770248413,1.33931565284729,1.3388673067092896,1.3390285968780518
2026-07-06T22:00:00+01:00,1.3387060165405271,1.339441180229187,1.3384909629821775,1.3391542434692385
2026-07-06T23:00:00+01:00,1.33931565284729,1.339674472808838,1.339046597480774,1.3396027088165283
2026-07-07T00:00:00+01:00,1.3398001194000244,1.3401232957839966,1.339441180229187,1.339441180229187
2026-07-07T01:00:00+01:00,1.3394591808319092,1.3395847082138062,1.3389389514923096,1.3389389514923096
2026-07-07T02:00:00+01:00,1.3389928340911863,1.3401411771774292,1.3388851881027222,1.3396564722061155
2026-07-07T03:00:00+01:00,1.3398720026016235,1.340015530586243,1.3391542434692385,1.3392438888549805
2026-07-07T04:00:00+01:00,1.3392258882522583,1.3397462368011477,1.3389748334884644,1.339064598083496
2026-07-07T05:00:00+01:00,1.339064598083496,1.3393694162368774,1.3389748334884644,1.3389748334884644
2026-07-07T06:00:00+01:00,1.3389211893081665,1.339064598083496,1.3380253314971924,1.3384193181991575
2026-07-07T07:00:00+01:00,1.3386342525482178,1.3387060165405271,1.3376137018203735,1.3379179239273071
2026-07-07T08:00:00+01:00,1.3379716873168943,1.3384909629821775,1.3375600576400757,1.3379358053207395
2026-07-07T09:00:00+01:00,1.3379716873168943,1.3393874168395996,1.3379358053207395,1.3392438888549805
2026-07-07T10:00:00+01:00,1.339064598083496,1.3391900062561035,1.3381506204605105,1.3381685018539429
2026-07-07T11:00:00+01:00,1.3379536867141724,1.3386701345443726,1.3371129035949707,1.3385447263717651
2026-07-07T12:00:00+01:00,1.3385089635849,1.3394052982330322,1.3383835554122925,1.3389748334884644
2026-07-07T13:00:00+01:00,1.338813543319702,1.339297652244568,1.3382043838500977,1.338401436805725
2026-07-07T14:00:00+01:00,1.3385447263717651,1.3385984897613523,1.337005615234375,1.337005615234375
2026-07-07T15:00:00+01:00,1.337327480316162,1.3385268449783323,1.3362016677856443,1.338043212890625
2026-07-07T16:00:00+01:00,1.337846279144287,1.3380969762802124,1.3370771408081057,1.3370771408081057
2026-07-07T17:00:00+01:00,1.3372917175292969,1.3375064134597778,1.3366124629974363,1.3371665477752686
2026-07-07T18:00:00+01:00,1.3371129035949707,1.3375600576400757,1.3368983268737793,1.3375064134597778
2026-07-07T19:00:00+01:00,1.3374168872833252,1.3376315832138062,1.3361839056015017,1.3363981246948242
2026-07-07T20:00:00+01:00,1.3361660242080688,1.3362553119659424,1.335042119026184,1.3361302614212036
2026-07-07T21:00:00+01:00,1.33604097366333,1.336290955543518,1.3356841802597046,1.3359339237213137
2026-07-07T22:00:00+01:00,1.334935188293457,1.3361660242080688,1.334935188293457,1.3358803987503052
2026-07-07T23:00:00+01:00,1.3353452682495115,1.335505723953247,1.3349530696868896,1.33539879322052
2026-07-08T00:00:00+01:00,1.33539879322052,1.3354523181915283,1.334614634513855,1.3347749710083008
2026-07-08T01:00:00+01:00,1.3346680402755735,1.3355236053466797,1.3342584371566772,1.3353452682495115
2026-07-08T02:00:00+01:00,1.3352738618850708,1.335505723953247,1.3343117237091064,1.335024356842041
2026-07-08T03:00:00+01:00,1.335024356842041,1.3354878425598145,1.3348817825317385,1.335220456123352
2026-07-08T04:00:00+01:00,1.3354523181915283,1.3359161615371704,1.3354523181915283,1.3354523181915283
2026-07-08T05:00:00+01:00,1.3353809118270874,1.335505723953247,1.335149168968201,1.3353809118270874
2026-07-08T06:00:00+01:00,1.3354523181915283,1.3359161615371704,1.335238337516785,1.335666298866272
2026-07-08T07:00:00+01:00,1.336023211479187,1.336594581604004,1.335559368133545,1.3363981246948242
2026-07-08T08:00:00+01:00,1.3364875316619873,1.337005615234375,1.335666298866272,1.336594581604004
2026-07-08T09:00:00+01:00,1.3365052938461304,1.3369877338409424,1.3338135480880735,1.3340803384780884
2026-07-08T10:00:00+01:00,1.3339736461639404,1.3348817825317385,1.3324450254440308,1.334294080734253
2026-07-08T11:00:00+01:00,1.334294080734253,1.3357198238372805,1.3342229127883911,1.3347926139831543
2026-07-08T12:00:00+01:00,1.3345255851745603,1.33470356464386,1.3331201076507568,1.3334755897521973
2026-07-08T13:00:00+01:00,1.33367121219635,1.3356841802597046,1.3336000442504885,1.334187150001526
2026-07-08T14:00:00+01:00,1.334329605102539,1.3377389907836914,1.334329605102539,1.3368626832962036
2026-07-08T15:00:00+01:00,1.337148666381836,1.3375600576400757,1.3364875316619873,1.3372201919555664
2026-07-08T16:00:00+01:00,1.3370771408081057,1.3374526500701904,1.3357912302017212,1.3361302614212036
2026-07-08T17:00:00+01:00,1.3361302614212036,1.3385626077651978,1.3361302614212036,1.3385626077651978
2026-07-08T18:00:00+01:00,1.3386701345443726,1.3408061265945437,1.3386701345443726,1.339674472808838
2026-07-08T19:00:00+01:00,1.3395309448242188,1.3405364751815796,1.3395309448242188,1.3400335311889648
2026-07-08T20:00:00+01:00,1.3402490615844729,1.3407881259918213,1.3398540019989014,1.3403388261795044
2026-07-08T21:00:00+01:00,1.3401951789855957,1.3404107093811035,1.3386164903640747,1.3388851881027222
2026-07-08T22:00:00+01:00,1.3392080068588257,1.339674472808838,1.3384909629821775,1.3392797708511353
2026-07-08T23:00:00+01:00,1.3390824794769287,1.33931565284729,1.3389031887054443,1.339100360870361
2026-07-09T00:00:00+01:00,1.3392080068588257,1.3394949436187744,1.3389748334884644,1.3394231796264648
2026-07-09T01:00:00+01:00,1.3394052982330322,1.3403747081756592,1.3394052982330322,1.339818000793457
2026-07-09T02:00:00+01:00,1.3398360013961792,1.339925765991211,1.338777780532837,1.3396564722061155
2026-07-09T03:00:00+01:00,1.3397462368011477,1.3400335311889648,1.3395129442214966,1.3395129442214966
2026-07-09T04:00:00+01:00,1.3394770622253418,1.340105414390564,1.339100360870361,1.3396564722061155
2026-07-09T05:00:00+01:00,1.3395847082138062,1.3399975299835205,1.3394770622253418,1.339925765991211
2026-07-09T06:00:00+01:00,1.339943766593933,1.3407701253890991,1.339943766593933,1.3404645919799805
2026-07-09T07:00:00+01:00,1.3408420085906982,1.342930793762207,1.3408241271972656,1.3423539400100708
2026-07-09T08:00:00+01:00,1.342624306678772,1.3427324295043943,1.3412376642227173,1.341489553451538
2026-07-09T09:00:00+01:00,1.341579556465149,1.3421378135681152,1.3412017822265625,1.3413456678390503
2026-07-09T10:00:00+01:00,1.3414175510406494,1.341579556465149,1.3407342433929443,1.341219782829285
2026-07-09T11:00:00+01:00,1.3412376642227173,1.3412376642227173,1.3395129442214966,1.339620590209961
2026-07-09T12:00:00+01:00,1.3395488262176514,1.3395488262176514,1.33865225315094,1.3389031887054443
2026-07-09T13:00:00+01:00,1.3390824794769287,1.3398360013961792,1.3381506204605105,1.3384730815887451
2026-07-09T14:00:00+01:00,1.3387060165405271,1.3402490615844729,1.3386164903640747,1.3401771783828735
2026-07-09T15:00:00+01:00,1.3403029441833496,1.3410578966140747,1.3388851881027222,1.3392258882522583
2026-07-09T16:00:00+01:00,1.3391542434692385,1.3407881259918213,1.338813543319702,1.3407881259918213
2026-07-09T17:00:00+01:00,1.3408241271972656,1.3412556648254397,1.3403388261795044,1.3411297798156738
2026-07-09T18:00:00+01:00,1.3411837816238403,1.3416515588760376,1.3408960103988647,1.341579556465149
2026-07-09T19:00:00+01:00,1.3417235612869265,1.3419756889343262,1.3411297798156738,1.3416156768798828
2026-07-09T20:00:00+01:00,1.341705560684204,1.341705560684204,1.3405544757843018,1.3408420085906982
2026-07-09T21:00:00+01:00,1.3408960103988647,1.3411476612091064,1.3408241271972656,1.340967893600464
2026-07-09T22:00:00+01:00,1.340644359588623,1.341309666633606,1.3401771783828735,1.3405544757843018
2026-07-09T23:00:00+01:00,1.340752124786377,1.341327667236328,1.340752124786377,1.341309666633606
2026-07-10T00:00:00+01:00,1.3412916660308838,1.3413636684417725,1.3411117792129517,1.3413456678390503
2026-07-10T01:00:00+01:00,1.3413995504379272,1.342480182647705,1.3409138917922974,1.3423359394073486
2026-07-10T02:00:00+01:00,1.3422638177871704,1.3438150882720947,1.3421016931533811,1.343706727027893
2026-07-10T03:00:00+01:00,1.343508243560791,1.345152735710144,1.343508243560791,1.3448994159698486
2026-07-10T04:00:00+01:00,1.3449536561965942,1.3450803756713867,1.3439234495162964,1.3439595699310305
2026-07-10T05:00:00+01:00,1.3438873291015625,1.3438873291015625,1.342822551727295,1.3430390357971191
2026-07-10T06:00:00+01:00,1.3430390357971191,1.3433998823165894,1.342227816581726,1.3428045511245728
2026-07-10T07:00:00+01:00,1.3429489135742188,1.3435803651809692,1.3425341844558716,1.3426964282989502
2026-07-10T08:00:00+01:00,1.3426603078842163,1.343075156211853,1.3421558141708374,1.3421558141708374
2026-07-10T09:00:00+01:00,1.3421196937561035,1.3426603078842163,1.3410578966140747,1.3410578966140747
2026-07-10T10:00:00+01:00,1.3411656618118286,1.3416515588760376,1.3409498929977417,1.3410218954086304
2026-07-10T11:00:00+01:00,1.3411117792129517,1.3434901237487793,1.3411117792129517,1.3434901237487793
2026-07-10T12:00:00+01:00,1.3435803651809692,1.343706727027893,1.341813564300537,1.3426603078842163
2026-07-10T13:00:00+01:00,1.3427504301071167,1.3430931568145752,1.3416335582733154,1.342065691947937
2026-07-10T14:00:00+01:00,1.3420476913452148,1.3420476913452148,1.3406263589859009,1.3406263589859009
2026-07-10T15:00:00+01:00,1.3403388261795044,1.3413995504379272,1.3399077653884888,1.341075778007507
2026-07-10T16:00:00+01:00,1.340967893600464,1.342227816581726,1.3409138917922974,1.3421378135681152
2026-07-10T17:00:00+01:00,1.3421196937561035,1.3422999382019043,1.3411117792129517,1.3411117792129517
2026-07-10T18:00:00+01:00,1.3411837816238403,1.341309666633606,1.3399975299835205,1.3399975299835205
2026-07-10T19:00:00+01:00,1.340105414390564,1.340105414390564,1.3393335342407229,1.3397821187973022
2026-07-10T20:00:00+01:00,1.3398897647857666,1.3399975299835205,1.3395309448242188,1.3399975299835205
2026-07-10T21:00:00+01:00,1.3399975299835205,1.3401771783828735,1.3394052982330322,1.3401771783828735
2026-07-10T22:00:00+01:00,1.339818000793457,1.339818000793457,1.339818000793457,1.339818000793457
2026-07-13T00:00:00+01:00,1.3375420570373535,1.3386342525482178,1.3373095989227295,1.3386342525482178
2026-07-13T01:00:00+01:00,1.3386881351470947,1.3386881351470947,1.3376315832138062,1.3376315832138062
2026-07-13T02:00:00+01:00,1.3375600576400757,1.33836567401886,1.336969971656799,1.3382940292358398
2026-07-13T03:00:00+01:00,1.3384371995925903,1.3384371995925903,1.3377926349639893,1.337882161140442
2026-07-13T04:00:00+01:00,1.3377389907836914,1.3379716873168943,1.337238073348999,1.337828516960144
2026-07-13T05:00:00+01:00,1.337882161140442,1.3384909629821775,1.3376137018203735,1.3384730815887451
2026-07-13T06:00:00+01:00,1.3384371995925903,1.3387597799301147,1.337882161140442,1.3379536867141724
2026-07-13T07:00:00+01:00,1.338043212890625,1.3392438888549805,1.337524175643921,1.3377926349639893
2026-07-13T08:00:00+01:00,1.3380074501037598,1.3395847082138062,1.3379000425338743,1.3393514156341553
2026-07-13T09:00:00+01:00,1.3393694162368774,1.3412017822265625,1.3393694162368774,1.3395488262176514
2026-07-13T10:00:00+01:00,1.3394949436187744,1.3396027088165283,1.3385984897613523,1.339064598083496
2026-07-13T11:00:00+01:00,1.339136242866516,1.33969247341156,1.3382940292358398,1.33969247341156
2026-07-13T12:00:00+01:00,1.3399975299835205,1.3402670621871948,1.33872389793396,1.3394231796264648
2026-07-13T13:00:00+01:00,1.3394591808319092,1.3397821187973022,1.3384909629821775,1.3397821187973022
2026-07-13T14:00:00+01:00,1.340015530586243,1.340015530586243,1.3385447263717651,1.33865225315094
2026-07-13T15:00:00+01:00,1.3385626077651978,1.3386164903640747,1.3368090391159058,1.3375064134597778
2026-07-13T16:00:00+01:00,1.3379179239273071,1.3382043838500977,1.3370771408081057,1.3381685018539429
2026-07-13T17:00:00+01:00,1.3380969762802124,1.338401436805725,1.3358982801437378,1.3362195491790771
2026-07-13T18:00:00+01:00,1.336290955543518,1.336594581604004,1.3357912302017212,1.3360053300857544
2026-07-13T19:00:00+01:00,1.3358982801437378,1.3361302614212036,1.3355414867401123,1.3360053300857544
2026-07-13T20:00:00+01:00,1.3360588550567627,1.336094617843628,1.335238337516785,1.3353630304336548
2026-07-13T21:00:00+01:00,1.3353452682495115,1.3355414867401123,1.3343831300735474,1.3347214460372925
2026-07-13T22:00:00+01:00,1.334294080734253,1.3358447551727295,1.334294080734253,1.335024356842041
2026-07-13T23:00:00+01:00,1.3347392082214355,1.3353452682495115,1.3347392082214355,1.3348817825317385
2026-07-14T00:00:00+01:00,1.3348639011383057,1.335131287574768,1.3347392082214355,1.334988713264465
2026-07-14T01:00:00+01:00,1.335077881813049,1.3357020616531372,1.3343117237091064,1.3354344367980957
2026-07-14T02:00:00+01:00,1.3352025747299194,1.335755467414856,1.3352025747299194,1.3355414867401123
2026-07-14T03:00:00+01:00,1.335559368133545,1.336023211479187,1.335559368133545,1.3357733488082886
2026-07-14T04:00:00+01:00,1.3357198238372805,1.336362361907959,1.3355236053466797,1.336094617843628
2026-07-14T05:00:00+01:00,1.336094617843628,1.336290955543518,1.3357198238372805,1.3360053300857544
2026-07-14T06:00:00+01:00,1.33604097366333,1.336969971656799,1.3359695672988892,1.3363444805145264
2026-07-14T07:00:00+01:00,1.336308836936951,1.336469650268555,1.335416555404663,1.3357198238372805
2026-07-14T08:00:00+01:00,1.335594892501831,1.3364337682724,1.3352917432785034,1.3357375860214231
2026-07-14T09:00:00+01:00,1.335755467414856,1.3376137018203735,1.335594892501831,1.3374885320663452
2026-07-14T10:00:00+01:00,1.3375064134597778,1.33836567401886,1.3374526500701904,1.3380253314971924
2026-07-14T11:00:00+01:00,1.3379716873168943,1.3382043838500977,1.337095022201538,1.337238073348999
2026-07-14T12:00:00+01:00,1.3373095989227295,1.3387060165405271,1.3364337682724,1.3384371995925903
2026-07-14T13:00:00+01:00,1.3384730815887451,1.343833088874817,1.3380969762802124,1.3405364751815796
2026-07-14T14:00:00+01:00,1.3408600091934204,1.3419216871261597,1.3401951789855957,1.341795563697815
2026-07-14T15:00:00+01:00,1.3415435552597046,1.342227816581726,1.3398720026016235,1.3406982421875
2026-07-14T16:00:00+01:00,1.340572476387024,1.3408960103988647,1.3381506204605105,1.3381685018539429
2026-07-14T17:00:00+01:00,1.3382940292358398,1.3392438888549805,1.3375779390335083,1.3390108346939087
2026-07-14T18:00:00+01:00,1.3389569520950315,1.3390108346939087,1.336969971656799,1.3377389907836914
2026-07-14T19:00:00+01:00,1.3377567529678345,1.3383835554122925,1.3373095989227295,1.338240146636963
2026-07-14T20:00:00+01:00,1.3383476734161377,1.3391542434692385,1.338186502456665,1.3389748334884644
2026-07-14T21:00:00+01:00,1.338813543319702,1.3392080068588257,1.3386701345443726,1.3392080068588257
2026-07-14T22:00:00+01:00,1.338741898536682,1.3390824794769287,1.3378641605377195,1.3387060165405271
2026-07-14T23:00:00+01:00,1.3389569520950315,1.3395129442214966,1.3387597799301147,1.3390108346939087
2026-07-15T00:00:00+01:00,1.339136242866516,1.3397282361984253,1.339100360870361,1.339620590209961
2026-07-15T01:00:00+01:00,1.339620590209961,1.3404287099838257,1.3395309448242188,1.3404287099838257
2026-07-15T02:00:00+01:00,1.3405005931854248,1.340572476387024,1.339979648590088,1.3402490615844729
2026-07-15T03:00:00+01:00,1.3402670621871948,1.3409138917922974,1.3400694131851196,1.3407342433929443
2026-07-15T04:00:00+01:00,1.3406623601913452,1.3408960103988647,1.339925765991211,1.3404465913772583
2026-07-15T05:00:00+01:00,1.3404645919799805,1.340572476387024,1.3402849435806274,1.3402849435806274
2026-07-15T06:00:00+01:00,1.3402670621871948,1.341471552848816,1.3401232957839966,1.3411476612091064
2026-07-15T07:00:00+01:00,1.3411837816238403,1.3420838117599487,1.3411837816238403,1.3417415618896484
2026-07-15T08:00:00+01:00,1.3415075540542605,1.3418675661087036,1.3402490615844729,1.3402670621871948
2026-07-15T09:00:00+01:00,1.3402670621871948,1.3407342433929443,1.339297652244568,1.339620590209961
2026-07-15T10:00:00+01:00,1.3397282361984253,1.3398720026016235,1.3389569520950315,1.339172124862671
2026-07-15T11:00:00+01:00,1.339136242866516,1.340015530586243,1.3380969762802124,1.339674472808838
2026-07-15T12:00:00+01:00,1.3399975299835205,1.3415075540542605,1.339674472808838,1.3415075540542605
2026-07-15T13:00:00+01:00,1.3411117792129517,1.3429667949676514,1.3405364751815796,1.3429667949676514
2026-07-15T14:00:00+01:00,1.3428767919540403,1.3448271751403809,1.3423359394073486,1.3446102142333984
2026-07-15T15:00:00+01:00,1.344248652458191,1.3481448888778689,1.3439595699310305,1.3481086492538452
2026-07-15T16:00:00+01:00,1.3479450941085815,1.3497827053070068,1.3472548723220823,1.3496370315551758
2026-07-15T17:00:00+01:00,1.3496005535125732,1.3527222871780396,1.3495277166366575,1.3527040481567385
2026-07-15T18:00:00+01:00,1.3526124954223633,1.3549033403396606,1.3526124954223633,1.3548849821090698
2026-07-15T19:00:00+01:00,1.354866623878479,1.3558402061462402,1.3538211584091189,1.3538211584091189
2026-07-15T20:00:00+01:00,1.3536745309829712,1.3544446229934692,1.3528870344161987,1.3535280227661133
2026-07-15T21:00:00+01:00,1.3535462617874146,1.3539495468139648,1.3534363508224487,1.3539495468139648
2026-07-15T22:00:00+01:00,1.3540594577789309,1.354132890701294,1.3530884981155396,1.3535646200180054
2026-07-15T23:00:00+01:00,1.3540228605270386,1.3542428016662598,1.3538395166397097,1.3538395166397097
2026-07-16T00:00:00+01:00,1.3539128303527832,1.3543713092803955,1.353747844696045,1.3540045022964478
2026-07-16T01:00:00+01:00,1.3539495468139648,1.3544446229934692,1.353051781654358,1.353417992591858
2026-07-16T02:00:00+01:00,1.3534730672836304,1.3535462617874146,1.352649211883545,1.352649211883545
2026-07-16T03:00:00+01:00,1.3527040481567385,1.3527222871780396,1.352045655250549,1.3527222871780396
2026-07-16T04:00:00+01:00,1.3527406454086304,1.3538395166397097,1.352630853652954,1.3532166481018066
2026-07-16T05:00:00+01:00,1.3532531261444092,1.3535096645355225,1.353143334388733,1.3533082008361816
2026-07-16T06:00:00+01:00,1.3533813953399658,1.3541511297225952,1.3528870344161987,1.3528870344161987
2026-07-16T07:00:00+01:00,1.3531616926193235,1.354224443435669,1.353033423423767,1.3540045022964478
2026-07-16T08:00:00+01:00,1.3540412187576294,1.3542428016662598,1.353234887123108,1.353417992591858
2026-07-16T09:00:00+01:00,1.353234887123108,1.3533813953399658,1.352045655250549,1.352155327796936
2026-07-16T10:00:00+01:00,1.352155327796936,1.352155327796936,1.350639581680298,1.3508949279785156
2026-07-16T11:00:00+01:00,1.3508037328720093,1.3509862422943115,1.3503658771514893,1.3504024744033811
2026-07-16T12:00:00+01:00,1.3503658771514893,1.350639581680298,1.3495640754699707,1.350639581680298
2026-07-16T13:00:00+01:00,1.350712537765503,1.3513330221176147,1.3498555421829224,1.349892020225525
2026-07-16T14:00:00+01:00,1.3498555421829224,1.3515704870224,1.3497462272644043,1.3508949279785156
2026-07-16T15:00:00+01:00,1.3510043621063232,1.351278305053711,1.3489269018173218,1.3489269018173218
2026-07-16T16:00:00+01:00,1.3488178253173828,1.3490906953811646,1.348090410232544,1.348381280899048
2026-07-16T17:00:00+01:00,1.348381280899048,1.348381280899048,1.3466562032699585,1.3466562032699585
2026-07-16T18:00:00+01:00,1.3466744422912598,1.3472005128860474,1.3460761308670044,1.3470189571380615
2026-07-16T19:00:00+01:00,1.3470009565353394,1.3471460342407229,1.3465837240219116,1.3471460342407229
2026-07-16T20:00:00+01:00,1.347091555595398,1.3475998640060425,1.346765160560608,1.347527265548706
2026-07-16T21:00:00+01:00,1.347472906112671,1.3480722904205322,1.3474546670913696,1.347781538963318
2026-07-16T22:00:00+01:00,1.3478723764419556,1.3483449220657349,1.3474546670913696,1.3477451801300049
2026-07-16T23:00:00+01:00,1.347781538963318,1.347781538963318,1.347218632698059,1.347472906112671
2026-07-17T00:00:00+01:00,1.347472906112671,1.3479087352752686,1.3474183082580566,1.3476543426513672
2026-07-17T01:00:00+01:00,1.3478542566299438,1.3478542566299438,1.3470371961593628,1.3477634191513062
2026-07-17T02:00:00+01:00,1.3477270603179932,1.347981333732605,1.3464748859405518,1.3465656042099
2026-07-17T03:00:00+01:00,1.3466018438339231,1.346928358078003,1.3463661670684814,1.3463842868804932
2026-07-17T04:00:00+01:00,1.3464205265045166,1.346928358078003,1.3463480472564695,1.346619963645935
2026-07-17T05:00:00+01:00,1.3466018438339231,1.3466018438339231,1.3457863330841064,1.345949411392212
2026-07-17T06:00:00+01:00,1.345949411392212,1.3466562032699585,1.3458406925201416,1.346329927444458
2026-07-17T07:00:00+01:00,1.3463480472564695,1.347472906112671,1.3461849689483645,1.3474183082580566
2026-07-17T08:00:00+01:00,1.3473820686340332,1.347981333732605,1.3458950519561768,1.3458950519561768
2026-07-17T09:00:00+01:00,1.3458044528961182,1.3461486101150513,1.3443028926849363,1.3444112539291382
2026-07-17T10:00:00+01:00,1.3443390130996704,1.3444656133651731,1.343652606010437,1.344194412231445
2026-07-17T11:00:00+01:00,1.3443208932876587,1.3443208932876587,1.3427144289016724,1.343111276626587
2026-07-17T12:00:00+01:00,1.343273639678955,1.344700574874878,1.3428586721420288,1.3438150882720947
2026-07-17T13:00:00+01:00,1.3439234495162964,1.3440499305725098,1.3428767919540403,1.3431833982467651
2026-07-17T14:00:00+01:00,1.3432375192642212,1.345152735710144,1.342984914779663,1.3450441360473633
2026-07-17T15:00:00+01:00,1.345152735710144,1.3454785346984863,1.344357132911682,1.344357132911682
2026-07-17T16:00:00+01:00,1.3446462154388428,1.3454604148864746,1.3443751335144043,1.3445197343826294
2026-07-17T17:00:00+01:00,1.344573974609375,1.3456052541732788,1.3439054489135742,1.3456052541732788
2026-07-17T18:00:00+01:00,1.345695734024048,1.345876932144165,1.3452069759368896,1.345406174659729
2026-07-17T19:00:00+01:00,1.3453518152236938,1.3456052541732788,1.3452069759368896,1.3454785346984863
2026-07-17T20:00:00+01:00,1.3454604148864746,1.345949411392212,1.345243215560913,1.345949411392212
2026-07-17T21:00:00+01:00,1.345913052558899,1.3460036516189575,1.3452250957489014,1.345406174659729
2026-07-17T22:00:00+01:00,1.345243215560913,1.345243215560913,1.345243215560913,1.345243215560913
2026-07-20T00:00:00+01:00,1.3444474935531616,1.3445920944213867,1.3442305326461792,1.3445197343826294
2026-07-20T01:00:00+01:00,1.3445016145706177,1.345188856124878,1.3444656133651731,1.3450803756713867
2026-07-20T02:00:00+01:00,1.3452250957489014,1.3454241752624512,1.344935655593872,1.3454241752624512
2026-07-20T03:00:00+01:00,1.345442295074463,1.346329927444458,1.345442295074463,1.3460400104522705
2026-07-20T04:00:00+01:00,1.3459675312042236,1.346221089363098,1.34582257270813,1.3461849689483645
2026-07-20T05:00:00+01:00,1.3461849689483645,1.3468012809753418,1.3461486101150513,1.346692442893982
2026-07-20T06:00:00+01:00,1.3466744422912598,1.34678316116333,1.34645676612854,1.3467106819152832
2026-07-20T07:00:00+01:00,1.346692442893982,1.3468738794326782,1.3458406925201416,1.3458406925201416
2026-07-20T08:00:00+01:00,1.345876932144165,1.3479995727539062,1.345876932144165,1.3476181030273438
2026-07-20T09:00:00+01:00,1.3477089405059814,1.3477089405059814,1.346692442893982,1.3470009565353394
2026-07-20T10:00:00+01:00,1.34689199924469,1.34689199924469,1.3458406925201416,1.3463480472564695
2026-07-20T11:00:00+01:00,1.3462574481964111,1.3473820686340332,1.3459855318069458,1.3470735549926758
2026-07-20T12:00:00+01:00,1.3469102382659912,1.3477089405059814,1.34623920917511,1.34623920917511
2026-07-20T13:00:00+01:00,1.3461486101150513,1.3463842868804932,1.3450260162353516,1.3454241752624512
2026-07-20T14:00:00+01:00,1.345569133758545,1.3458406925201416,1.3446102142333984,1.3453518152236938
2026-07-20T15:00:00+01:00,1.345442295074463,1.3456052541732788,1.3436707258224487,1.343977689743042
2026-07-20T16:00:00+01:00,1.3431652784347534,1.3433817625045776,1.341489553451538,1.3419575691223145
2026-07-20T17:00:00+01:00,1.3418675661087036,1.3422818183898926,1.3415615558624268,1.3419756889343262
2026-07-20T18:00:00+01:00,1.34217369556427,1.3432915210723877,1.342065691947937,1.3431833982467651
2026-07-20T19:00:00+01:00,1.3432193994522097,1.3439054489135742,1.3432193994522097,1.3434540033340454
2026-07-20T20:00:00+01:00,1.3435983657836914,1.3439595699310305,1.343273639678955,1.3436164855957031
2026-07-20T21:00:00+01:00,1.3436886072158811,1.3437248468399048,1.3429667949676514,1.343111276626587
2026-07-20T22:00:00+01:00,1.3428767919540403,1.3435803651809692,1.3423359394073486,1.3424440622329712
2026-07-20T23:00:00+01:00,1.3427324295043943,1.3427324295043943,1.3423539400100708,1.3426603078842163
2026-07-21T00:00:00+01:00,1.3426783084869385,1.3431833982467651,1.3426424264907837,1.3431291580200195
2026-07-21T01:00:00+01:00,1.3432915210723877,1.3435261249542236,1.3427685499191284,1.3432193994522097
2026-07-21T02:00:00+01:00,1.3432193994522097,1.3436886072158811,1.3431291580200195,1.3435442447662354
2026-07-21T03:00:00+01:00,1.3435983657836914,1.3438692092895508,1.3431652784347534,1.3432012796401978
2026-07-21T04:00:00+01:00,1.3433096408843994,1.343977689743042,1.343075156211853,1.343742847442627
2026-07-21T05:00:00+01:00,1.343706727027893,1.3441221714019775,1.3436886072158811,1.3440499305725098
2026-07-21T06:00:00+01:00,1.3441040515899658,1.3446643352508545,1.3439414501190186,1.344357132911682
2026-07-21T07:00:00+01:00,1.344483494758606,1.3452974557876587,1.344483494758606,1.3448452949523926
2026-07-21T08:00:00+01:00,1.3448452949523926,1.3456233739852903,1.343742847442627,1.3441402912139893
2026-07-21T09:00:00+01:00,1.344212532043457,1.3447548151016235,1.342930793762207,1.3430570363998413
2026-07-21T10:00:00+01:00,1.3429667949676514,1.3433096408843994,1.3425521850585938,1.3427324295043943
2026-07-21T11:00:00+01:00,1.3425341844558716,1.3433817625045776,1.341525673866272,1.3418315649032593
2026-07-21T12:00:00+01:00,1.341849684715271,1.3420838117599487,1.3402310609817505,1.3404645919799805
2026-07-21T13:00:00+01:00,1.340644359588623,1.340644359588623,1.3382760286331177,1.3389748334884644
2026-07-21T14:00:00+01:00,1.3388673067092896,1.3395488262176514,1.336094617843628,1.3380612134933472
2026-07-21T15:00:00+01:00,1.3384371995925903,1.3397462368011477,1.3368090391159058,1.337130784988403
2026-07-21T16:00:00+01:00,1.3371129035949707,1.3380253314971924,1.336916208267212,1.3372201919555664
2026-07-21T17:00:00+01:00,1.3373453617095947,1.3384193181991575,1.3370592594146729,1.33836567401886
2026-07-21T18:00:00+01:00,1.338401436805725,1.338777780532837,1.338114857673645,1.3385268449783323
2026-07-21T19:00:00+01:00,1.3384730815887451,1.3384730815887451,1.3375600576400757,1.3381506204605105
2026-07-21T20:00:00+01:00,1.338258147239685,1.3385089635849,1.3379895687103271,1.3380612134933472
2026-07-21T21:00:00+01:00,1.3379536867141724,1.3380969762802124,1.3373990058898926,1.3375600576400757
2026-07-21T22:00:00+01:00,1.337667465209961,1.338114857673645,1.3371129035949707,1.3377567529678345
2026-07-21T23:00:00+01:00,1.337667465209961,1.337810516357422,1.3374885320663452,1.3375420570373535
2026-07-22T00:00:00+01:00,1.3374526500701904,1.3379000425338743,1.337363362312317,1.3379000425338743
2026-07-22T01:00:00+01:00,1.3378641605377195,1.338777780532837,1.3378641605377195,1.3385984897613523
2026-07-22T02:00:00+01:00,1.33865225315094,1.338777780532837,1.338043212890625,1.3384193181991575
2026-07-22T03:00:00+01:00,1.338329792022705,1.3389211893081665,1.3381685018539429,1.3385626077651978
2026-07-22T04:00:00+01:00,1.3385268449783323,1.338741898536682,1.338240146636963,1.338329792022705
2026-07-22T05:00:00+01:00,1.338329792022705,1.3385447263717651,1.3381506204605105,1.338401436805725
2026-07-22T06:00:00+01:00,1.3384193181991575,1.3386342525482178,1.338043212890625,1.3381328582763672
2026-07-22T07:00:00+01:00,1.3381685018539429,1.3390285968780518,1.337005615234375,1.3379536867141724
2026-07-22T08:00:00+01:00,1.337810516357422,1.3393514156341553,1.3377211093902588,1.3383835554122925
2026-07-22T09:00:00+01:00,1.338311791419983,1.3383835554122925,1.337238073348999,1.337327480316162
2026-07-22T10:00:00+01:00,1.3373453617095947,1.337524175643921,1.3368090391159058,1.336916208267212
2026-07-22T11:00:00+01:00,1.3370234966278076,1.3373453617095947,1.3367018699645996,1.3372023105621338
2026-07-22T12:00:00+01:00,1.3371129035949707,1.3373095989227295,1.336523175239563,1.3367732763290403
2026-07-22T13:00:00+01:00,1.3368090391159058,1.3372023105621338,1.3358089923858645,1.336094617843628
2026-07-22T14:00:00+01:00,1.336094617843628,1.3389031887054443,1.336094617843628,1.3385984897613523
2026-07-22T15:00:00+01:00,1.338813543319702,1.3390824794769287,1.33738112449646,1.337685227394104
2026-07-22T16:00:00+01:00,1.337470531463623,1.338043212890625,1.3372917175292969,1.337595820426941
2026-07-22T17:00:00+01:00,1.3376137018203735,1.3376137018203735,1.3366482257843018,1.3374168872833252
2026-07-22T18:00:00+01:00,1.337327480316162,1.3374348878860474,1.3368983268737793,1.3371844291687012
2026-07-22T19:00:00+01:00,1.337130784988403,1.337595820426941,1.3369877338409424,1.3373990058898926
2026-07-22T20:00:00+01:00,1.3374348878860474,1.3374885320663452,1.337148666381836,1.3373990058898926
2026-07-22T21:00:00+01:00,1.3373990058898926,1.337846279144287,1.3373990058898926,1.337846279144287
2026-07-22T22:00:00+01:00,1.3382940292358398,1.3382940292358398,1.3371665477752686,1.3377389907836914
2026-07-22T23:00:00+01:00,1.337238073348999,1.337238073348999,1.3368269205093384,1.3370234966278076
2026-07-23T00:00:00+01:00,1.3371665477752686,1.337595820426941,1.3371129035949707,1.3375420570373535
2026-07-23T01:00:00+01:00,1.337524175643921,1.3381328582763672,1.33738112449646,1.3381328582763672
2026-07-23T02:00:00+01:00,1.3382223844528198,1.3385984897613523,1.3380789756774902,1.3382043838500977
2026-07-23T03:00:00+01:00,1.3382940292358398,1.3385447263717651,1.3382940292358398,1.3384371995925903
2026-07-23T04:00:00+01:00,1.3391542434692385,1.3391542434692385,1.3383835554122925,1.3389031887054443
2026-07-23T05:00:00+01:00,1.3388315439224243,1.3393514156341553,1.3385626077651978,1.33872389793396
2026-07-23T06:00:00+01:00,1.3387597799301147,1.338813543319702,1.338258147239685,1.3386881351470947
2026-07-23T07:00:00+01:00,1.3386881351470947,1.3391183614730835,1.337685227394104,1.3377567529678345
2026-07-23T08:00:00+01:00,1.3376315832138062,1.3379895687103271,1.3368983268737793,1.3373453617095947
2026-07-23T09:00:00+01:00,1.3374526500701904,1.337685227394104,1.3362553119659424,1.336916208267212
2026-07-23T10:00:00+01:00,1.3368090391159058,1.3377926349639893,1.3367911577224731,1.337148666381836
2026-07-23T11:00:00+01:00,1.337363362312317,1.337363362312317,1.3367197513580322,1.3370234966278076
2026-07-23T12:00:00+01:00,1.3368090391159058,1.3368626832962036,1.3343474864959717,1.335666298866272
2026-07-23T13:00:00+01:00,1.3354700803756714,1.3354700803756714,1.33367121219635,1.3342050313949585
2026-07-23T14:00:00+01:00,1.334294080734253,1.3344542980194092,1.3328890800476074,1.333031177520752
2026-07-23T15:00:00+01:00,1.3330134153366089,1.3330134153366089,1.3313274383544922,1.3319835662841797
2026-07-23T16:00:00+01:00,1.3319659233093262,1.332338571548462,1.3303710222244265,1.3303710222244265
2026-07-23T17:00:00+01:00,1.331079363822937,1.3326047658920288,1.331079363822937,1.3324450254440308
2026-07-23T18:00:00+01:00,1.3323917388916016,1.3324627876281738,1.3314337730407717,1.3314337730407717
2026-07-23T19:00:00+01:00,1.3314515352249146,1.3318772315979004,1.331398367881775,1.3315224647521973
2026-07-23T20:00:00+01:00,1.331894874572754,1.331894874572754,1.3312742710113523,1.331806182861328
2026-07-23T21:00:00+01:00,1.331859469413757,1.3319659233093262,1.331487059593201,1.3315047025680542
2026-07-23T22:00:00+01:00,1.331628918647766,1.33193039894104,1.331026315689087,1.331611156463623
2026-07-23T23:00:00+01:00,1.3317530155181885,1.3317530155181885,1.3313628435134888,1.3316820859909058
2026-07-24T00:00:00+01:00,1.3316820859909058,1.3316820859909058,1.3311679363250732,1.3313452005386353
2026-07-24T01:00:00+01:00,1.3312742710113523,1.3322497606277466,1.3312742710113523,1.3322497606277466
2026-07-24T02:00:00+01:00,1.3325693607330322,1.3327114582061768,1.3320544958114624,1.3320900201797483
2026-07-24T03:00:00+01:00,1.332178831100464,1.3322319984436035,1.3314515352249146,1.3314515352249146
2026-07-24T04:00:00+01:00,1.3314692974090576,1.3315047025680542,1.3311147689819336,1.331487059593201
2026-07-24T05:00:00+01:00,1.331416130065918,1.3315047025680542,1.3307428359985352,1.331026315689087
2026-07-24T06:00:00+01:00,1.3311325311660769,1.3316997289657593,1.331026315689087,1.331026315689087
2026-07-24T07:00:00+01:00,1.33109712600708,1.3324627876281738,1.3309553861618042,1.3324627876281738
2026-07-24T08:00:00+01:00,1.3326226472854614,1.334489822387695,1.332356333732605,1.3335822820663452
2026-07-24T09:00:00+01:00,1.33367121219635,1.33367121219635,1.332125544548035,1.332125544548035
2026-07-24T10:00:00+01:00,1.3320900201797483,1.3322497606277466,1.3314515352249146,1.331770658493042
2026-07-24T11:00:00+01:00,1.331912636756897,1.332675814628601,1.3314337730407717,1.332675814628601
2026-07-24T12:00:00+01:00,1.332178831100464,1.3328180313110352,1.3314692974090576,1.3323030471801758
2026-07-24T13:00:00+01:00,1.332533836364746,1.3325693607330322,1.330654263496399,1.331061601638794
2026-07-24T14:00:00+01:00,1.331256628036499,1.332675814628601,1.3306896686553955,1.332675814628601
2026-07-24T15:00:00+01:00,1.3327114582061768,1.333368897438049,1.3321433067321775,1.332835674285889
2026-07-24T16:00:00+01:00,1.3325515985488892,1.3345433473587036,1.3325515985488892,1.333991527557373
2026-07-24T17:00:00+01:00,1.3342229127883911,1.3345433473587036,1.3332444429397583,1.3334221839904783
2026-07-24T18:00:00+01:00,1.3333154916763306,1.3333154916763306,1.3322319984436035,1.3325515985488892
2026-07-24T19:00:00+01:00,1.3325515985488892,1.3329778909683228,1.3324450254440308,1.3325693607330322
2026-07-24T20:00:00+01:00,1.3327823877334597,1.3327823877334597,1.3322319984436035,1.3322497606277466
2026-07-24T21:00:00+01:00,1.3322142362594604,1.3323917388916016,1.3317352533340454,1.3323917388916016
2026-07-24T22:00:00+01:00,1.331859469413757,1.331859469413757,1.331859469413757,1.331859469413757
2026-07-27T00:00:00+01:00,1.334436535835266,1.3351848125457764,1.3342584371566772,1.3351848125457764
2026-07-27T01:00:00+01:00,1.3353630304336548,1.336308836936951,1.335077881813049,1.335077881813049
2026-07-27T02:00:00+01:00,1.335327386856079,1.3363444805145264,1.3352917432785034,1.3363444805145264
2026-07-27T03:00:00+01:00,1.3363802433013916,1.3363802433013916,1.335559368133545,1.3356306552886963
2026-07-27T04:00:00+01:00,1.3356841802597046,1.3356841802597046,1.3351134061813354,1.3351848125457764
2026-07-27T05:00:00+01:00,1.335309624671936,1.3355414867401123,1.3350956439971924,1.3352917432785034
2026-07-27T06:00:00+01:00,1.3350600004196167,1.3356306552886963,1.3350600004196167,1.3353809118270874
2026-07-27T07:00:00+01:00,1.335416555404663,1.336112380027771,1.334935188293457,1.3350600004196167
2026-07-27T08:00:00+01:00,1.335077881813049,1.3352738618850708,1.333866834640503,1.333866834640503
2026-07-27T09:00:00+01:00,1.333742380142212,1.3340270519256592,1.3330844640731812,1.3339736461639404
2026-07-27T10:00:00+01:00,1.333760142326355,1.334133863449097,1.333066701889038,1.333280086517334
2026-07-27T11:00:00+01:00,1.333066701889038,1.333653450012207,1.331770658493042,1.331770658493042
2026-07-27T12:00:00+01:00,1.331859469413757,1.3321433067321775,1.3311325311660769,1.3315579891204834
2026-07-27T13:00:00+01:00,1.3315224647521973,1.3318239450454712,1.3305126428604126,1.3317352533340454
2026-07-27T14:00:00+01:00,1.3313452005386353,1.3320368528366089,1.3309553861618042,1.3309730291366575
2026-07-27T15:00:00+01:00,1.3306366205215454,1.3317352533340454,1.3301233053207395,1.330247163772583
2026-07-27T16:00:00+01:00,1.3303357362747192,1.3307074308395386,1.3301233053207395,1.3305480480194092
2026-07-27T17:00:00+01:00,1.3303357362747192,1.3313628435134888,1.3300524950027466,1.3304240703582764
2026-07-27T18:00:00+01:00,1.3303179740905762,1.3303532600402832,1.3284975290298462,1.329186201095581
2026-07-27T19:00:00+01:00,1.329115629196167,1.3292746543884275,1.3287270069122314,1.3287270069122314
2026-07-27T20:00:00+01:00,1.329186201095581,1.329716444015503,1.3289036750793457,1.3292393684387207
2026-07-27T21:00:00+01:00,1.3292216062545776,1.3292922973632812,1.3286211490631104,1.3289390802383425
2026-07-27T22:00:00+01:00,1.3302117586135864,1.3302117586135864,1.3290096521377563,1.329150915145874
2026-07-27T23:00:00+01:00,1.329150915145874,1.329203963279724,1.328832983970642,1.3289036750793457
2026-07-28T00:00:00+01:00,1.3288860321044922,1.3291332721710205,1.3287447690963743,1.32902729511261
2026-07-28T01:00:00+01:00,1.3289566040039062,1.3293629884719849,1.3286564350128174,1.3293275833129885
2026-07-28T02:00:00+01:00,1.3293452262878418,1.3298225402832031,1.329062581062317,1.3292393684387207
2026-07-28T03:00:00+01:00,1.3292746543884275,1.330034852027893,1.3291332721710205,1.3299287557601929
2026-07-28T04:00:00+01:00,1.3299287557601929,1.3304595947265625,1.3296281099319458,1.3298580646514893
2026-07-28T05:00:00+01:00,1.3297518491744995,1.3297518491744995,1.3292922973632812,1.329469084739685
2026-07-28T06:00:00+01:00,1.3295574188232422,1.3295574188232422,1.328674077987671,1.3289036750793457
2026-07-28T07:00:00+01:00,1.3289390802383425,1.3301409482955933,1.328709363937378,1.329981803894043
2026-07-28T08:00:00+01:00,1.329645752906799,1.3305126428604126,1.329256892204285,1.3293099403381348
2026-07-28T09:00:00+01:00,1.3293983936309814,1.3304948806762695,1.3293629884719849,1.330247163772583
2026-07-28T10:00:00+01:00,1.3303357362747192,1.3303532600402832,1.328091740608215,1.3281447887420654
2026-07-28T11:00:00+01:00,1.3279154300689695,1.328179955482483,1.3274219036102295,1.3278625011444092
2026-07-28T12:00:00+01:00,1.3281270265579224,1.328321099281311,1.327527642250061,1.3281093835830688
2026-07-28T13:00:00+01:00,1.328091740608215,1.3299463987350464,1.3279683589935305,1.3299463987350464
2026-07-28T14:00:00+01:00,1.3298403024673462,1.3303532600402832,1.3295574188232422,1.3300524950027466
2026-07-28T15:00:00+01:00,1.3301587104797363,1.3301764726638794,1.3287800550460815,1.329203963279724
2026-07-28T16:00:00+01:00,1.3293629884719849,1.330866813659668,1.3289566040039062,1.3307428359985352
2026-07-28T17:00:00+01:00,1.3309199810028076,1.331079363822937,1.3301587104797363,1.3301587104797363
2026-07-28T18:00:00+01:00,1.3301764726638794,1.3304948806762695,1.3292216062545776,1.3292216062545776
2026-07-28T19:00:00+01:00,1.3292393684387207,1.3292922973632812,1.3287447690963743,1.3289390802383425
2026-07-28T20:00:00+01:00,1.3289213180541992,1.3295574188232422,1.3288682699203491,1.3288682699203491
2026-07-28T21:00:00+01:00,1.3288153409957886,1.329150915145874,1.3287270069122314,1.3289036750793457
2026-07-28T22:00:00+01:00,1.3299109935760498,1.3301587104797363,1.328797698020935,1.3289213180541992
2026-07-28T23:00:00+01:00,1.3289390802383425,1.329168677330017,1.3284093141555786,1.3285505771636963
2026-07-29T00:00:00+01:00,1.3283741474151611,1.3287270069122314,1.328091740608215,1.3286211490631104
2026-07-29T01:00:00+01:00,1.3285682201385498,1.3293452262878418,1.3284447193145752,1.3293452262878418
2026-07-29T02:00:00+01:00,1.3292922973632812,1.329469084739685,1.3282681703567505,1.3289213180541992
2026-07-29T03:00:00+01:00,1.3289742469787598,1.3298048973083496,1.3288682699203491,1.329486608505249
2026-07-29T04:00:00+01:00,1.3294336795806885,1.329981803894043,1.3294336795806885,1.329504370689392
2026-07-29T05:00:00+01:00,1.3295750617980957,1.3301764726638794,1.3295750617980957,1.3298580646514893
2026-07-29T06:00:00+01:00,1.3298755884170532,1.3302117586135864,1.3297518491744995,1.3299640417099
2026-07-29T07:00:00+01:00,1.3300879001617432,1.3303532600402832,1.3295220136642456,1.3297518491744995
2026-07-29T08:00:00+01:00,1.329734206199646,1.3307074308395386,1.3296633958816528,1.3302648067474363
2026-07-29T09:00:00+01:00,1.3302648067474363,1.3309376239776611,1.329787254333496,1.3305834531784058
2026-07-29T10:00:00+01:00,1.3304595947265625,1.3305658102035522,1.3296281099319458,1.3298225402832031
2026-07-29T11:00:00+01:00,1.3296104669570925,1.329645752906799,1.3289920091629028,1.3293629884719849
2026-07-29T12:00:00+01:00,1.329150915145874,1.3298048973083496,1.329150915145874,1.329186201095581
2026-07-29T13:00:00+01:00,1.3293806314468384,1.3293806314468384,1.328056573867798,1.328356385231018
2026-07-29T14:00:00+01:00,1.3285505771636963,1.3293629884719849,1.328233003616333,1.3293099403381348
2026-07-29T15:00:00+01:00,1.329539775848389,1.3304240703582764,1.3284447193145752,1.328797698020935
2026-07-29T16:00:00+01:00,1.3288507461547852,1.3293099403381348,1.328426957130432,1.3285329341888428
2026-07-29T17:00:00+01:00,1.328691840171814,1.3288507461547852,1.328091740608215,1.3288507461547852
2026-07-29T18:00:00+01:00,1.3289566040039062,1.3306896686553955,1.3288682699203491,1.3302295207977295
2026-07-29T19:00:00+01:00,1.332480549812317,1.3365589380264282,1.3317530155181885,1.3364160060882568
2026-07-29T20:00:00+01:00,1.3367018699645996,1.33858060836792,1.3347926139831543,1.3347926139831543
2026-07-29T21:00:00+01:00,1.3345789909362793,1.336916208267212,1.3344007730484009,1.3368269205093384
2026-07-29T22:00:00+01:00,1.3367732763290403,1.3372738361358645,1.3345255851745603,1.336308836936951
2026-07-29T23:00:00+01:00,1.336523175239563,1.3369877338409424,1.3365052938461304,1.336969971656799
2026-07-30T00:00:00+01:00,1.337095022201538,1.3375600576400757,1.3365052938461304,1.3367375135421753
2026-07-30T01:00:00+01:00,1.3367732763290403,1.3367911577224731,1.33539879322052,1.3355414867401123
2026-07-30T02:00:00+01:00,1.3355414867401123,1.3359695672988892,1.3352560997009275,1.3352917432785034
2026-07-30T03:00:00+01:00,1.3354344367980957,1.3356306552886963,1.334935188293457,1.334988713264465
2026-07-30T04:00:00+01:00,1.334988713264465,1.335006594657898,1.334294080734253,1.3346322774887085
2026-07-30T05:00:00+01:00,1.3344720602035522,1.3349709510803225,1.3343831300735474,1.3344720602035522
2026-07-30T06:00:00+01:00,1.334489822387695,1.3356306552886963,1.334489822387695,1.334899663925171
2026-07-30T07:00:00+01:00,1.3351848125457764,1.3351848125457764,1.3334044218063354,1.3342050313949585
2026-07-30T08:00:00+01:00,1.3345255851745603,1.3350956439971924,1.333760142326355,1.3339380025863647
2026-07-30T09:00:00+01:00,1.3341693878173828,1.3361839056015017,1.3339558839797974,1.3355414867401123
2026-07-30T10:00:00+01:00,1.335666298866272,1.3384371995925903,1.335666298866272,1.338043212890625
2026-07-30T11:00:00+01:00,1.3379895687103271,1.3391542434692385,1.3377926349639893,1.3384909629821775
2026-07-30T12:00:00+01:00,1.339710354804993,1.339710354804993,1.3374168872833252,1.3387060165405271
2026-07-30T13:00:00+01:00,1.3389211893081665,1.339566707611084,1.3370234966278076,1.3373453617095947
2026-07-30T14:00:00+01:00,1.3372559547424316,1.3426424264907837,1.3369340896606443,1.3426424264907837
2026-07-30T15:00:00+01:00,1.342822551727295,1.3445920944213867,1.3426424264907837,1.342822551727295
2026-07-30T16:00:00+01:00,1.3424440622329712,1.344266653060913,1.3422999382019043,1.3441762924194336
2026-07-30T17:00:00+01:00,1.346329927444458,1.3470371961593628,1.3458044528961182,1.346329927444458
2026-07-30T18:00:00+01:00,1.3465656042099,1.347182273864746,1.3457320928573608,1.3471460342407229
2026-07-30T19:00:00+01:00,1.3474364280700684,1.347563624382019,1.3466744422912598,1.347563624382019
2026-07-30T20:00:00+01:00,1.347636342048645,1.3476543426513672,1.34689199924469,1.347164273262024
2026-07-30T21:00:00+01:00,1.3469464778900146,1.3472548723220823,1.3464930057525637,1.3466018438339231
2026-07-30T22:00:00+01:00,1.3463118076324463,1.3466562032699585,1.346130609512329,1.34623920917511
2026-07-30T23:00:00+01:00,1.3464930057525637,1.3470371961593628,1.3464930057525637,1.346692442893982
2026-07-31T00:00:00+01:00,1.3469102382659912,1.3469645977020264,1.3460400104522705,1.3461124897003174
2026-07-31T01:00:00+01:00,1.3461124897003174,1.3465293645858765,1.3454241752624512,1.3458950519561768
2026-07-31T02:00:00+01:00,1.3460400104522705,1.3462574481964111,1.344935655593872,1.3451346158981323
2026-07-31T03:00:00+01:00,1.345152735710144,1.3459675312042236,1.3450441360473633,1.345062255859375
2026-07-31T04:00:00+01:00,1.345062255859375,1.3451708555221558,1.3445920944213867,1.3451708555221558
2026-07-31T05:00:00+01:00,1.3451708555221558,1.3452612161636353,1.344357132911682,1.3446102142333984
2026-07-31T06:00:00+01:00,1.344573974609375,1.3449536561965942,1.3441221714019775,1.3444112539291382
2026-07-31T07:00:00+01:00,1.3444112539291382,1.346130609512329,1.3444112539291382,1.3452974557876587
2026-07-31T08:00:00+01:00,1.3452069759368896,1.346166729927063,1.3446102142333984,1.345279335975647
2026-07-31T09:00:00+01:00,1.345243215560913,1.3462574481964111,1.3436164855957031,1.3462574481964111
2026-07-31T10:00:00+01:00,1.34623920917511,1.346819519996643,1.344700574874878,1.3449536561965942
2026-07-31T11:00:00+01:00,1.3449175357818604,1.3451164960861206,1.3444112539291382,1.3446824550628662
2026-07-31T12:00:00+01:00,1.3442847728729248,1.3444474935531616,1.3419216871261597,1.3419575691223145
2026-07-31T13:00:00+01:00,1.341705560684204,1.3428406715393066,1.3416695594787598,1.342227816581726
2026-07-31T14:00:00+01:00,1.3421918153762815,1.3432012796401978,1.3403208255767822,1.3408780097961426
2026-07-31T15:00:00+01:00,1.3407881259918213,1.345949411392212,1.3405544757843018,1.345750093460083
2026-07-31T16:00:00+01:00,1.3459675312042236,1.3467469215393066,1.345587134361267,1.34645676612854
2026-07-31T17:00:00+01:00,1.3468376398086548,1.346928358078003,1.3462755680084229,1.3466380834579468
2026-07-31T18:00:00+01:00,1.3465837240219116,1.3487995862960815,1.3465473651885986,1.348508596420288
2026-07-31T19:00:00+01:00,1.348381280899048,1.3487086296081543,1.3475817441940308,1.348235845565796
2026-07-31T20:00:00+01:00,1.3485267162322998,1.348617672920227,1.3477451801300049,1.3477451801300049
2026-07-31T21:00:00+01:00,1.3476181030273438,1.349400281906128,1.3473457098007202,1.3483449220657349
2026-07-31T22:00:00+01:00,1.3486722707748413,1.3486722707748413,1.3486722707748413,1.3486722707748413
2026-08-03T00:00:00+01:00,1.349545955657959,1.3496005535125732,1.3489269018173218,1.3491452932357788
2026-08-03T01:00:00+01:00,1.3489633798599243,1.3502929210662842,1.3484176397323608,1.3487995862960815
2026-08-03T02:00:00+01:00,1.3486357927322388,1.3488540649414062,1.347127914428711,1.3474364280700684
2026-08-03T03:00:00+01:00,1.3474364280700684,1.3476543426513672,1.3469645977020264,1.3470735549926758
2026-08-03T04:00:00+01:00,1.3470189571380615,1.3470189571380615,1.3465473651885986,1.3468376398086548
2026-08-03T05:00:00+01:00,1.3468738794326782,1.3473457098007202,1.3467469215393066,1.3472731113433838
2026-08-03T06:00:00+01:00,1.3473275899887085,1.3477270603179932,1.3470371961593628,1.3477089405059814
2026-08-03T07:00:00+01:00,1.3477089405059814,1.3478178977966309,1.345876932144165,1.3461486101150513
2026-08-03T08:00:00+01:00,1.3463480472564695,1.3470189571380615,1.345496654510498,1.3461849689483645
2026-08-03T09:00:00+01:00,1.345949411392212,1.3462574481964111,1.345532774925232,1.345532774925232
2026-08-03T10:00:00+01:00,1.3456414937973022,1.345858812332153,1.3450260162353516,1.345062255859375
2026-08-03T11:00:00+01:00,1.344881296157837,1.3462755680084229,1.344881296157837,1.3460036516189575
2026-08-03T12:00:00+01:00,1.3461849689483645,1.3465837240219116,1.3456414937973022,1.3459675312042236
2026-08-03T13:00:00+01:00,1.3468557596206665,1.347182273864746,1.3459312915802002,1.3464386463165283
2026-08-03T14:00:00+01:00,1.3464748859405518,1.3466562032699585,1.3448452949523926,1.345243215560913
2026-08-03T15:00:00+01:00,1.3448632955551147,1.3456414937973022,1.3438150882720947,1.3438150882720947
2026-08-03T16:00:00+01:00,1.3436164855957031,1.3436164855957031,1.3424440622329712,1.3434358835220337
2026-08-03T17:00:00+01:00,1.3433637619018557,1.343652606010437,1.3433637619018557,1.343652606010437
2026-08-03T18:00:00+01:00,1.342480182647705,1.3427144289016724,1.3419395685195925,1.3419395685195925
2026-08-03T19:00:00+01:00,1.3419575691223145,1.343273639678955,1.3418675661087036,1.3431291580200195
2026-08-03T20:00:00+01:00,1.3432555198669434,1.3434721231460571,1.343111276626587,1.343111276626587
2026-08-03T21:00:00+01:00,1.3431291580200195,1.3433998823165894,1.3428586721420288,1.3433637619018557
2026-08-03T22:00:00+01:00,1.3430390357971191,1.3434358835220337,1.3425161838531494,1.342984914779663
2026-08-03T23:00:00+01:00,1.3431833982467651,1.3431833982467651,1.342822551727295,1.3430931568145752
2026-08-04T00:00:00+01:00,1.3431291580200195,1.3431652784347534,1.342588186264038,1.3427504301071167
2026-08-04T01:00:00+01:00,1.3427685499191284,1.3433096408843994,1.3424440622329712,1.3424440622329712
2026-08-04T02:00:00+01:00,1.3423179388046265,1.3431652784347534,1.3419936895370483,1.3428406715393066
2026-08-04T03:00:00+01:00,1.3429489135742188,1.3433096408843994,1.3426424264907837,1.3428045511245728
2026-08-04T04:00:00+01:00,1.3431652784347534,1.3432193994522097,1.342588186264038,1.3427324295043943
2026-08-04T05:00:00+01:00,1.3426964282989502,1.3427144289016724,1.3424440622329712,1.3426783084869385
2026-08-04T06:00:00+01:00,1.3426424264907837,1.3426603078842163,1.342029690742493,1.3425161838531494
2026-08-04T07:00:00+01:00,1.342588186264038,1.3432375192642212,1.3423539400100708,1.3429127931594849
2026-08-04T08:00:00+01:00,1.343111276626587,1.3439054489135742,1.342984914779663,1.3436707258224487
2026-08-04T09:00:00+01:00,1.343706727027893,1.344266653060913,1.3433637619018557,1.344266653060913
2026-08-04T10:00:00+01:00,1.3442305326461792,1.3443028926849363,1.343742847442627,1.344194412231445
2026-08-04T11:00:00+01:00,1.344194412231445,1.344700574874878,1.3438512086868286,1.344700574874878
2026-08-04T12:00:00+01:00,1.3441762924194336,1.3454241752624512,1.3441582918167114,1.3447185754776
2026-08-04T13:00:00+01:00,1.3447909355163574,1.3454785346984863,1.3443390130996704,1.3443931341171265
2026-08-04T14:00:00+01:00,1.344357132911682,1.345152735710144,1.3439054489135742,1.3447548151016235
2026-08-04T15:00:00+01:00,1.3448090553283691,1.3455508947372437,1.3444656133651731,1.3447548151016235
2026-08-04T16:00:00+01:00,1.3447185754776,1.3453338146209717,1.344266653060913,1.3453338146209717
2026-08-04T17:00:00+01:00,1.3454604148864746,1.3456233739852903,1.3446282148361206,1.3446824550628662
2026-08-04T18:00:00+01:00,1.3448632955551147,1.344881296157837,1.3441582918167114,1.34442937374115
2026-08-04T19:00:00+01:00,1.3444474935531616,1.3452974557876587,1.344031810760498,1.3452974557876587
2026-08-04T20:00:00+01:00,1.3452612161636353,1.3453880548477173,1.3449536561965942,1.3450803756713867
2026-08-04T21:00:00+01:00,1.345188856124878,1.3454604148864746,1.3450441360473633,1.345279335975647
2026-08-04T22:00:00+01:00,1.3450260162353516,1.3454604148864746,1.3445920944213867,1.3450260162353516
2026-08-04T23:00:00+01:00,1.345243215560913,1.3453155755996704,1.344881296157837,1.345152735710144
2026-08-05T00:00:00+01:00,1.345152735710144,1.3452250957489014,1.3448271751403809,1.3451346158981323
2026-08-05T01:00:00+01:00,1.3450441360473633,1.345587134361267,1.3449898958206177,1.3450984954833984
2026-08-05T02:00:00+01:00,1.3449898958206177,1.3451346158981323,1.3445016145706177,1.3446102142333984
2026-08-05T03:00:00+01:00,1.3446643352508545,1.34582257270813,1.3446643352508545,1.3453699350357056
2026-08-05T04:00:00+01:00,1.345532774925232,1.3460036516189575,1.345532774925232,1.3456233739852903
2026-08-05T05:00:00+01:00,1.3456594944000244,1.3460036516189575,1.345442295074463,1.345532774925232
2026-08-05T06:00:00+01:00,1.345532774925232,1.345858812332153,1.3452069759368896,1.3456414937973022
2026-08-05T07:00:00+01:00,1.345587134361267,1.34678316116333,1.3451708555221558,1.34678316116333
2026-08-05T08:00:00+01:00,1.34678316116333,1.3468012809753418,1.34582257270813,1.3468012809753418
2026-08-05T09:00:00+01:00,1.3469645977020264,1.346982717514038,1.345442295074463,1.3457139730453491
2026-08-05T10:00:00+01:00,1.345949411392212,1.3467469215393066,1.3456233739852903,1.346728801727295
2026-08-05T11:00:00+01:00,1.346982717514038,1.346982717514038,1.3463842868804932,1.346619963645935
2026-08-05T12:00:00+01:00,1.346819519996643,1.34816312789917,1.346819519996643,1.3479450941085815
2026-08-05T13:00:00+01:00,1.348090410232544,1.3483449220657349,1.346765160560608,1.3470189571380615
2026-08-05T14:00:00+01:00,1.3468738794326782,1.347563624382019,1.346166729927063,1.3465656042099
2026-08-05T15:00:00+01:00,1.346928358078003,1.3486357927322388,1.34689199924469,1.3479087352752686
2026-08-05T16:00:00+01:00,1.348054051399231,1.348363161087036,1.3464386463165283,1.346728801727295
2026-08-05T17:00:00+01:00,1.3463842868804932,1.3467469215393066,1.3459855318069458,1.3459855318069458
2026-08-05T18:00:00+01:00,1.3460761308670044,1.347127914428711,1.3456594944000244,1.3470553159713743
2026-08-05T19:00:00+01:00,1.3469464778900146,1.3473457098007202,1.3467469215393066,1.3468738794326782
2026-08-05T20:00:00+01:00,1.347091555595398,1.347091555595398,1.3464024066925049,1.34645676612854
2026-08-05T21:00:00+01:00,1.3465656042099,1.34689199924469,1.3462574481964111,1.346819519996643
2026-08-05T22:00:00+01:00,1.3469464778900146,1.347182273864746,1.3463842868804932,1.3466380834579468
2026-08-05T23:00:00+01:00,1.3468738794326782,1.3468738794326782,1.3465112447738647,1.3467106819152832
2026-08-06T00:00:00+01:00,1.34678316116333,1.347127914428711,1.3467106819152832,1.3469464778900146
2026-08-06T01:00:00+01:00,1.34678316116333,1.347127914428711,1.3466380834579468,1.346728801727295
2026-08-06T02:00:00+01:00,1.346765160560608,1.347091555595398,1.3464024066925049,1.3469102382659912
2026-08-06T03:00:00+01:00,1.3470553159713743,1.347218632698059,1.34678316116333,1.3468012809753418
2026-08-06T04:00:00+01:00,1.346728801727295,1.346728801727295,1.3458044528961182,1.3460218906402588
2026-08-06T05:00:00+01:00,1.346130609512329,1.346203088760376,1.3459312915802002,1.3460761308670044
2026-08-06T06:00:00+01:00,1.346058011054993,1.3463661670684814,1.3456233739852903,1.346329927444458
2026-08-06T07:00:00+01:00,1.3465293645858765,1.3465293645858765,1.3455508947372437,1.3460218906402588
2026-08-06T08:00:00+01:00,1.3460036516189575,1.3462755680084229,1.3456414937973022,1.3457139730453491
2026-08-06T09:00:00+01:00,1.3460761308670044,1.3465656042099,1.345858812332153,1.3464386463165283
2026-08-06T10:00:00+01:00,1.3464748859405518,1.346619963645935,1.3453699350357056,1.3456594944000244
2026-08-06T11:00:00+01:00,1.3456233739852903,1.34623920917511,1.3455146551132202,1.346166729927063
2026-08-06T12:00:00+01:00,1.3463842868804932,1.3468738794326782,1.345876932144165,1.3468738794326782
2026-08-06T13:00:00+01:00,1.3468012809753418,1.3471460342407229,1.3463661670684814,1.3470189571380615
2026-08-06T14:00:00+01:00,1.3471460342407229,1.347981333732605,1.3465473651885986,1.3478723764419556
2026-08-06T15:00:00+01:00,1.347781538963318,1.3478360176086426,1.3464386463165283,1.3466380834579468
2026-08-06T16:00:00+01:00,1.3464748859405518,1.3465112447738647,1.3450803756713867,1.3452069759368896
2026-08-06T17:00:00+01:00,1.345279335975647,1.3458406925201416,1.3451346158981323,1.3456052541732788
2026-08-06T18:00:00+01:00,1.3456414937973022,1.3459855318069458,1.3452250957489014,1.3456414937973022
2026-08-06T19:00:00+01:00,1.3456414937973022,1.3459312915802002,1.3452974557876587,1.345750093460083
2026-08-06T20:00:00+01:00,1.3457139730453491,1.3459312915802002,1.344971776008606,1.345532774925232
2026-08-06T21:00:00+01:00,1.3455508947372437,1.3456233739852903,1.3448994159698486,1.3454241752624512
2026-08-06T22:00:00+01:00,1.345569133758545,1.345695734024048,1.3446462154388428,1.345496654510498
2026-08-06T23:00:00+01:00,1.3451708555221558,1.3452612161636353,1.3450984954833984,1.345243215560913
2026-08-07T00:00:00+01:00,1.3452250957489014,1.3455508947372437,1.3452069759368896,1.3454604148864746
2026-08-07T01:00:00+01:00,1.3454241752624512,1.3455508947372437,1.3448452949523926,1.3450080156326294
2026-08-07T02:00:00+01:00,1.345062255859375,1.345587134361267,1.344935655593872,1.3453518152236938
2026-08-07T03:00:00+01:00,1.3454241752624512,1.3454604148864746,1.345152735710144,1.3452250957489014
2026-08-07T04:00:00+01:00,1.345188856124878,1.3453699350357056,1.3451164960861206,1.3453699350357056
2026-08-07T05:00:00+01:00,1.3453518152236938,1.345587134361267,1.3452612161636353,1.3454604148864746
2026-08-07T06:00:00+01:00,1.345406174659729,1.3456414937973022,1.3452069759368896,1.3453338146209717
2026-08-07T07:00:00+01:00,1.345587134361267,1.345858812332153,1.345243215560913,1.345406174659729
2026-08-07T08:00:00+01:00,1.3453155755996704,1.3453699350357056,1.3446462154388428,1.3448271751403809
2026-08-07T09:00:00+01:00,1.3450441360473633,1.3450441360473633,1.3443751335144043,1.3443751335144043
2026-08-07T10:00:00+01:00,1.3444656133651731,1.3445197343826294,1.3441762924194336,1.344266653060913
2026-08-07T11:00:00+01:00,1.3443208932876587,1.3443208932876587,1.343508243560791,1.3437970876693726
2026-08-07T12:00:00+01:00,1.343833088874817,1.3450080156326294,1.343833088874817,1.3450080156326294
2026-08-07T13:00:00+01:00,1.3450984954833984,1.3506760597229004,1.344700574874878,1.3500378131866455
2026-08-07T14:00:00+01:00,1.3501653671264648,1.3507490158081057,1.3488359451293943,1.3488359451293943
2026-08-07T15:00:00+01:00,1.3489633798599243,1.3501471281051636,1.348599553108215,1.3496187925338743
2026-08-07T16:00:00+01:00,1.3490725755691528,1.3500378131866455,1.348435878753662,1.3496551513671875
2026-08-07T17:00:00+01:00,1.3496005535125732,1.350438952445984,1.3495640754699707,1.3496733903884888
2026-08-07T18:00:00+01:00,1.3495640754699707,1.3498737812042236,1.3494912385940552,1.3496005535125732
2026-08-07T19:00:00+01:00,1.349436640739441,1.350074291229248,1.3492363691329956,1.349892020225525
2026-08-07T20:00:00+01:00,1.3499830961227417,1.3503295183181765,1.349727988243103,1.3497827053070068
2026-08-07T21:00:00+01:00,1.3498555421829224,1.3498737812042236,1.3489997386932373,1.3492363691329956
2026-08-07T22:00:00+01:00,1.3492727279663086,1.3492727279663086,1.3492727279663086,1.3492727279663086
2026-08-10T00:00:00+01:00,1.3489633798599243,1.34929096698761,1.3488905429840088,1.348981499671936
2026-08-10T01:00:00+01:00,1.34916353225708,1.349400281906128,1.3488905429840088,1.3490725755691528
2026-08-10T02:00:00+01:00,1.349127173423767,1.349127173423767,1.348508596420288,1.3488540649414062
2026-08-10T03:00:00+01:00,1.348945140838623,1.348981499671936,1.3486357927322388,1.3486357927322388
2026-08-10T04:00:00+01:00,1.348726749420166,1.348726749420166,1.3484176397323608,1.348581314086914
2026-08-10T05:00:00+01:00,1.348599553108215,1.3490360975265503,1.348435878753662,1.348945140838623
2026-08-10T06:00:00+01:00,1.34890878200531,1.3493638038635254,1.3487995862960815,1.3493638038635254
2026-08-10T07:00:00+01:00,1.349545955657959,1.3497098684310913,1.3493092060089111,1.3494731187820437
2026-08-10T08:00:00+01:00,1.3494548797607422,1.3501107692718506,1.3492363691329956,1.3496005535125732
2026-08-10T09:00:00+01:00,1.3496187925338743,1.350548267364502,1.3496005535125732,1.3503841161727903
2026-08-10T10:00:00+01:00,1.3503477573394775,1.350694179534912,1.3496187925338743,1.349727988243103
2026-08-10T11:00:00+01:00,1.3494184017181396,1.3501653671264648,1.3493273258209229,1.350074291229248
2026-08-10T12:00:00+01:00,1.3501288890838623,1.3502929210662842,1.3496733903884888,1.350092530250549
2026-08-10T13:00:00+01:00,1.3500559329986572,1.350311279296875,1.349127173423767,1.3495640754699707
2026-08-10T14:00:00+01:00,1.3497098684310913,1.3507671356201172,1.349545955657959,1.3504753112792969
2026-08-10T15:00:00+01:00,1.350530028343201,1.3518811464309692,1.350530028343201,1.3518811464309692
2026-08-10T16:00:00+01:00,1.352027416229248,1.3527590036392212,1.3517348766326904,1.352594256401062
2026-08-10T17:00:00+01:00,1.352630853652954,1.352685809135437,1.3514609336853027,1.3514974117279053
2026-08-10T18:00:00+01:00,1.3514243364334106,1.351515769958496,1.350603103637695,1.350603103637695
2026-08-10T19:00:00+01:00,1.3507671356201172,1.3512052297592163,1.350639581680298,1.351040959358215
2026-08-10T20:00:00+01:00,1.3508403301239014,1.3509496450424194,1.350639581680298,1.3508037328720093
2026-08-10T21:00:00+01:00,1.3509314060211182,1.351022720336914,1.3506578207015991,1.3508037328720093
2026-08-10T22:00:00+01:00,1.3511687517166138,1.3511687517166138,1.3505666255950928,1.3509132862091064
2026-08-10T23:00:00+01:00,1.3508766889572144,1.3509680032730105,1.350712537765503,1.3509132862091064
2026-08-11T00:00:00+01:00,1.3509862422943115,1.3511687517166138,1.3507307767868042,1.3511687517166138
2026-08-11T01:00:00+01:00,1.3511687517166138,1.3515340089797974,1.3511322736740112,1.3512052297592163
2026-08-11T02:00:00+01:00,1.3509862422943115,1.3515887260437012,1.350694179534912,1.3511505126953125
2026-08-11T03:00:00+01:00,1.3510956764221191,1.3511687517166138,1.3503295183181765,1.3504753112792969
2026-08-11T04:00:00+01:00,1.3505666255950928,1.3513330221176147,1.3505666255950928,1.351022720336914
2026-08-11T05:00:00+01:00,1.3511322736740112,1.351314902305603,1.350785493850708,1.3511322736740112
2026-08-11T06:00:00+01:00,1.35111403465271,1.3514426946640017,1.3508037328720093,1.3512600660324097
2026-08-11T07:00:00+01:00,1.3514243364334106,1.3515704870224,1.3503295183181765,1.3504570722579956
2026-08-11T08:00:00+01:00,1.350712537765503,1.350858449935913,1.349545955657959,1.3496551513671875
2026-08-11T09:00:00+01:00,1.3497462272644043,1.3508766889572144,1.3496733903884888,1.3504024744033811
2026-08-11T10:00:00+01:00,1.3504570722579956,1.3504570722579956,1.3502200841903689,1.3502565622329712
2026-08-11T11:00:00+01:00,1.3504207134246826,1.350511908531189,1.3497462272644043,1.3498190641403198
2026-08-11T12:00:00+01:00,1.3497644662857056,1.350438952445984,1.3494184017181396,1.3494548797607422
2026-08-11T13:00:00+01:00,1.3494912385940552,1.3501107692718506,1.3493638038635254,1.3500378131866455
2026-08-11T14:00:00+01:00,1.3502200841903689,1.3506760597229004,1.3497827053070068,1.3502748012542725
2026-08-11T15:00:00+01:00,1.3500378131866455,1.350712537765503,1.3499284982681274,1.350712537765503
2026-08-11T16:00:00+01:00,1.3509680032730105,1.3512600660324097,1.350311279296875,1.3512600660324097
2026-08-11T17:00:00+01:00,1.3513330221176147,1.3513513803482056,1.3504753112792969,1.350639581680298
2026-08-11T18:00:00+01:00,1.350639581680298,1.350639581680298,1.349800944328308,1.3502565622329712
2026-08-11T19:00:00+01:00,1.350183606147766,1.3504024744033811,1.3497098684310913,1.3503295183181765
2026-08-11T20:00:00+01:00,1.350438952445984,1.350858449935913,1.3503295183181765,1.350858449935913
2026-08-11T21:00:00+01:00,1.350858449935913,1.3509680032730105,1.3504753112792969,1.3508403301239014
2026-08-11T22:00:00+01:00,1.350785493850708,1.3508037328720093,1.3502929210662842,1.3507307767868042
2026-08-11T23:00:00+01:00,1.350785493850708,1.3511322736740112,1.3507671356201172,1.3511322736740112
2026-08-12T00:00:00+01:00,1.3510043621063232,1.35111403465271,1.3508037328720093,1.3509680032730105
2026-08-12T01:00:00+01:00,1.350858449935913,1.3511687517166138,1.350712537765503,1.350785493850708
2026-08-12T02:00:00+01:00,1.350785493850708,1.3509680032730105,1.3502565622329712,1.350639581680298
2026-08-12T03:00:00+01:00,1.3506578207015991,1.350785493850708,1.35023832321167,1.350694179534912
2026-08-12T04:00:00+01:00,1.3507671356201172,1.3508219718933103,1.3505666255950928,1.350603103637695
2026-08-12T05:00:00+01:00,1.3505666255950928,1.350785493850708,1.3503295183181765,1.3507490158081057
2026-08-12T06:00:00+01:00,1.350712537765503,1.3507307767868042,1.3503295183181765,1.350639581680298
2026-08-12T07:00:00+01:00,1.350712537765503,1.350858449935913,1.3503658771514893,1.350858449935913
2026-08-12T08:00:00+01:00,1.3509862422943115,1.351186990737915,1.3508037328720093,1.3508037328720093
2026-08-12T09:00:00+01:00,1.3508766889572144,1.351278305053711,1.3507490158081057,1.3510591983795166
2026-08-12T10:00:00+01:00,1.3512235879898071,1.3520090579986572,1.3511322736740112,1.3518811464309692
2026-08-12T11:00:00+01:00,1.3513696193695068,1.3522467613220217,1.3513696193695068,1.3516801595687866
2026-08-12T12:00:00+01:00,1.3514060974121094,1.3528504371643066,1.3514060974121094,1.3527406454086304
2026-08-12T13:00:00+01:00,1.3527222871780396,1.3540594577789309,1.3510043621063232,1.3534363508224487
2026-08-12T14:00:00+01:00,1.3538944721221924,1.3540594577789309,1.351807951927185,1.352630853652954
2026-08-12T15:00:00+01:00,1.352685809135437,1.3529419898986816,1.3513330221176147,1.3516618013381958
2026-08-12T16:00:00+01:00,1.3508037328720093,1.3511687517166138,1.35023832321167,1.3510043621063232
2026-08-12T17:00:00+01:00,1.3509680032730105,1.3510775566101074,1.3496005535125732,1.3497644662857056
2026-08-12T18:00:00+01:00,1.3498190641403198,1.3501653671264648,1.349254488945007,1.3493638038635254
2026-08-12T19:00:00+01:00,1.3492727279663086,1.3497644662857056,1.3488359451293943,1.3488359451293943
2026-08-12T20:00:00+01:00,1.3488723039627075,1.349400281906128,1.3488540649414062,1.349199891090393
2026-08-12T21:00:00+01:00,1.349199891090393,1.3496551513671875,1.3490543365478516,1.3496370315551758
2026-08-12T22:00:00+01:00,1.3494548797607422,1.3501288890838623,1.3491089344024658,1.3496005535125732
2026-08-12T23:00:00+01:00,1.3493092060089111,1.3497644662857056,1.349199891090393,1.3496187925338743
2026-08-13T00:00:00+01:00,1.3496551513671875,1.3499467372894287,1.349545955657959,1.3497827053070068
2026-08-13T01:00:00+01:00,1.3497644662857056,1.3501107692718506,1.3495277166366575,1.3497644662857056
2026-08-13T02:00:00+01:00,1.3498190641403198,1.3499830961227417,1.3491816520690918,1.3492727279663086
2026-08-13T03:00:00+01:00,1.34929096698761,1.3493092060089111,1.348726749420166,1.3488905429840088
2026-08-13T04:00:00+01:00,1.3488905429840088,1.34916353225708,1.3487086296081543,1.3490725755691528
2026-08-13T05:00:00+01:00,1.3490543365478516,1.3497098684310913,1.3487632274627686,1.3497098684310913
2026-08-13T06:00:00+01:00,1.3496005535125732,1.3497644662857056,1.349254488945007,1.349545955657959
2026-08-13T07:00:00+01:00,1.3496370315551758,1.34969162940979,1.347563624382019,1.3482903242111206
2026-08-13T08:00:00+01:00,1.3482176065444946,1.3487449884414673,1.3476181030273438,1.348363161087036
2026-08-13T09:00:00+01:00,1.348308563232422,1.3483266830444336,1.3478542566299438,1.3479268550872805
2026-08-13T10:00:00+01:00,1.3478178977966309,1.348308563232422,1.3475998640060425,1.348308563232422
2026-08-13T11:00:00+01:00,1.3492181301116943,1.3501288890838623,1.348945140838623,1.3490906953811646
2026-08-13T12:00:00+01:00,1.3490543365478516,1.3496551513671875,1.3488359451293943,1.3492363691329956
2026-08-13T13:00:00+01:00,1.3492363691329956,1.3509314060211182,1.348508596420288,1.3509314060211182
2026-08-13T14:00:00+01:00,1.350858449935913,1.3510591983795166,1.349800944328308,1.3499648571014404
2026-08-13T15:00:00+01:00,1.3501471281051636,1.3512235879898071,1.3499102592468262,1.3502565622329712
2026-08-13T16:00:00+01:00,1.3507490158081057,1.3509314060211182,1.349545955657959,1.3495640754699707
2026-08-13T17:00:00+01:00,1.3496370315551758,1.3496370315551758,1.3483449220657349,1.348581314086914
2026-08-13T18:00:00+01:00,1.348690390586853,1.348945140838623,1.3480178117752075,1.3482722043991089
2026-08-13T19:00:00+01:00,1.3482722043991089,1.3487813472747805,1.3480722904205322,1.348435878753662
2026-08-13T20:00:00+01:00,1.348508596420288,1.3488359451293943,1.348363161087036,1.348726749420166
2026-08-13T21:00:00+01:00,1.3487449884414673,1.3488359451293943,1.3484176397323608,1.348690390586853
2026-08-13T22:00:00+01:00,1.3491816520690918,1.3491816520690918,1.3484176397323608,1.348599553108215
2026-08-13T23:00:00+01:00,1.348690390586853,1.34890878200531,1.348581314086914,1.3488723039627075
2026-08-14T00:00:00+01:00,1.3489269018173218,1.349127173423767,1.3488359451293943,1.3490725755691528
2026-08-14T01:00:00+01:00,1.3490360975265503,1.3498737812042236,1.3490360975265503,1.3498737812042236
2026-08-14T02:00:00+01:00,1.349800944328308,1.349800944328308,1.3489997386932373,1.3489997386932373
2026-08-14T03:00:00+01:00,1.349127173423767,1.3494548797607422,1.3489633798599243,1.348981499671936
2026-08-14T04:00:00+01:00,1.3489997386932373,1.3497827053070068,1.34890878200531,1.3495640754699707
2026-08-14T05:00:00+01:00,1.3495094776153564,1.3499467372894287,1.3495094776153564,1.349800944328308
2026-08-14T06:00:00+01:00,1.3497644662857056,1.350092530250549,1.3497462272644043,1.350001335144043
2026-08-14T07:00:00+01:00,1.35023832321167,1.3504570722579956,1.3499102592468262,1.350438952445984
2026-08-14T08:00:00+01:00,1.350438952445984,1.3513696193695068,1.350311279296875,1.351314902305603
2026-08-14T09:00:00+01:00,1.3515887260437012,1.3526674509048462,1.3515522480010986,1.3523746728897097
2026-08-14T10:00:00+01:00,1.352338194847107,1.352539300918579,1.352155327796936,1.3522101640701294
2026-08-14T11:00:00+01:00,1.3524113893508911,1.3529785871505735,1.3524113893508911,1.3528138399124146
2026-08-14T12:00:00+01:00,1.3529053926467896,1.3542428016662598,1.3527954816818235,1.3535828590393066
2026-08-14T13:00:00+01:00,1.3535280227661133,1.354976773262024,1.3535280227661133,1.3540594577789309
2026-08-14T14:00:00+01:00,1.3538029193878174,1.356042504310608,1.3535646200180054,1.3553624153137207
2026-08-14T15:00:00+01:00,1.355730056762695,1.3561527729034424,1.3551421165466309,1.3556748628616333
2026-08-14T16:00:00+01:00,1.3549033403396606,1.355730056762695,1.3541511297225952,1.3554543256759644
2026-08-14T17:00:00+01:00,1.3555645942687988,1.355693221092224,1.3538762331008911,1.353931188583374
2026-08-14T18:00:00+01:00,1.3539679050445557,1.3539679050445557,1.3527954816818235,1.353234887123108
2026-08-14T19:00:00+01:00,1.353234887123108,1.3536195755004885,1.353051781654358,1.3533265590667725
2026-08-14T20:00:00+01:00,1.353363037109375,1.3537662029266355,1.3533265590667725,1.353363037109375
2026-08-14T21:00:00+01:00,1.353417992591858,1.3536745309829712,1.3533447980880735,1.3535462617874146
2026-08-14T22:00:00+01:00,1.3535828590393066,1.3535828590393066,1.3535828590393066,1.3535828590393066
2026-08-17T00:00:00+01:00,1.354352951049805,1.3547749519348145,1.354334592819214,1.3546831607818604
2026-08-17T01:00:00+01:00,1.3548849821090698,1.3556381464004517,1.3548849821090698,1.3556381464004517
2026-08-17T02:00:00+01:00,1.3555645942687988,1.3556565046310425,1.3551421165466309,1.3555830717086792
2026-08-17T03:00:00+01:00,1.355546236038208,1.3556196689605713,1.3550502061843872,1.3550502061843872
2026-08-17T04:00:00+01:00,1.3550318479537964,1.355233907699585,1.354719877243042,1.355233907699585
2026-08-17T05:00:00+01:00,1.3551421165466309,1.3556565046310425,1.3551421165466309,1.3551604747772217
2026-08-17T06:00:00+01:00,1.355233907699585,1.3558770418167114,1.3550318479537964,1.3554176092147827
2026-08-17T07:00:00+01:00,1.355546236038208,1.3559874296188354,1.3551236391067505,1.3558770418167114
2026-08-17T08:00:00+01:00,1.3557851314544678,1.3571467399597168,1.3556196689605713,1.3562999963760376
2026-08-17T09:00:00+01:00,1.3562448024749756,1.3571099042892456,1.3554726839065552,1.3554726839065552
2026-08-17T10:00:00+01:00,1.3554176092147827,1.356208086013794,1.3552522659301758,1.355913758277893
2026-08-17T11:00:00+01:00,1.355766773223877,1.35637366771698,1.3555830717086792,1.3556748628616333
2026-08-17T12:00:00+01:00,1.355711579322815,1.3560792207717896,1.3553073406219482,1.355693221092224
2026-08-17T13:00:00+01:00,1.3556748628616333,1.356208086013794,1.3553258180618286,1.3561345338821411
2026-08-17T14:00:00+01:00,1.3562264442443848,1.356594443321228,1.355233907699585,1.356042504310608
2026-08-17T15:00:00+01:00,1.3560609817504885,1.3562999963760376,1.3560609817504885,1.3562999963760376
2026-08-17T16:00:00+01:00,1.35534405708313,1.3562448024749756,1.3551236391067505,1.3562448024749756
2026-08-17T17:00:00+01:00,1.3562448024749756,1.3564472198486328,1.3558402061462402,1.3559322357177734
2026-08-17T18:00:00+01:00,1.355968952178955,1.356024146080017,1.3545180559158323,1.3545180559158323
2026-08-17T19:00:00+01:00,1.3544628620147705,1.3545364141464231,1.3537296056747437,1.3538211584091189
2026-08-17T20:00:00+01:00,1.3538211584091189,1.3545180559158323,1.3537296056747437,1.3543895483016968
2026-08-17T21:00:00+01:00,1.3545180559158323,1.3545180559158323,1.3540961742401123,1.3543895483016968
2026-08-17T22:00:00+01:00,1.3549401760101318,1.3552522659301758,1.3541878461837769,1.3541878461837769
2026-08-17T23:00:00+01:00,1.3544996976852417,1.3545546531677246,1.354316234588623,1.3544079065322876
2026-08-18T00:00:00+01:00,1.3544262647628784,1.355215549468994,1.3544262647628784,1.3550686836242676
2026-08-18T01:00:00+01:00,1.3551052808761597,1.3554359674453735,1.3545730113983154,1.3550870418548584
2026-08-18T02:00:00+01:00,1.3549952507019043,1.35534405708313,1.3546464443206787,1.3546648025512695
2026-08-18T03:00:00+01:00,1.3546464443206787,1.3546831607818604,1.3540412187576294,1.3546648025512695
2026-08-18T04:00:00+01:00,1.3545730113983154,1.3545730113983154,1.3534730672836304,1.3535646200180054
2026-08-18T05:00:00+01:00,1.3536561727523804,1.3538578748703003,1.353143334388733,1.3535646200180054
2026-08-18T06:00:00+01:00,1.3535280227661133,1.353931188583374,1.3533997535705566,1.3536561727523804
2026-08-18T07:00:00+01:00,1.353692889213562,1.353692889213562,1.3523015975952148,1.3527040481567385
2026-08-18T08:00:00+01:00,1.3527954816818235,1.353051781654358,1.3520822525024414,1.3529419898986816
2026-08-18T09:00:00+01:00,1.3527590036392212,1.3530151844024658,1.3524296283721924,1.3530151844024658
2026-08-18T10:00:00+01:00,1.3531616926193235,1.3533813953399658,1.3527590036392212,1.353234887123108
2026-08-18T11:00:00+01:00,1.3531982898712158,1.3531982898712158,1.3524844646453855,1.3527406454086304
2026-08-18T12:00:00+01:00,1.352630853652954,1.3527772426605225,1.352100491523743,1.3527772426605225
2026-08-18T13:00:00+01:00,1.3527222871780396,1.3533997535705566,1.3524844646453855,1.3532166481018066
2026-08-18T14:00:00+01:00,1.353363037109375,1.3543713092803955,1.353234887123108,1.354132890701294
2026-08-18T15:00:00+01:00,1.3542428016662598,1.354481220245361,1.354132890701294,1.3543895483016968
2026-08-18T16:00:00+01:00,1.354297757148743,1.3548115491867063,1.353692889213562,1.354316234588623
2026-08-18T17:00:00+01:00,1.3544628620147705,1.3547013998031616,1.3541145324707031,1.3541145324707031
2026-08-18T18:00:00+01:00,1.3541145324707031,1.3541145324707031,1.353234887123108,1.3535280227661133
2026-08-18T19:00:00+01:00,1.3534363508224487,1.3538395166397097,1.3532898426055908,1.3534547090530396
2026-08-18T20:00:00+01:00,1.3534363508224487,1.353986144065857,1.353234887123108,1.3532898426055908
2026-08-18T21:00:00+01:00,1.3532166481018066,1.3532898426055908,1.3529237508773804,1.3532898426055908
2026-08-18T22:00:00+01:00,1.3538029193878174,1.3538395166397097,1.353033423423767,1.3535646200180054
2026-08-18T23:00:00+01:00,1.353179931640625,1.3534730672836304,1.3530701398849487,1.3534363508224487
2026-08-19T00:00:00+01:00,1.3534730672836304,1.3536561727523804,1.353234887123108,1.353637933731079
2026-08-19T01:00:00+01:00,1.353637933731079,1.354169487953186,1.3529419898986816,1.3530151844024658
2026-08-19T02:00:00+01:00,1.352960228919983,1.3531067371368408,1.3523930311203003,1.353051781654358
2026-08-19T03:00:00+01:00,1.3531250953674316,1.354316234588623,1.3530884981155396,1.3540228605270386
2026-08-19T04:00:00+01:00,1.3540228605270386,1.3541511297225952,1.3537662029266355,1.3537662029266355
2026-08-19T05:00:00+01:00,1.3538395166397097,1.3542428016662598,1.3537112474441528,1.3542062044143677
2026-08-19T06:00:00+01:00,1.354297757148743,1.3545180559158323,1.3540045022964478,1.3544262647628784
2026-08-19T07:00:00+01:00,1.354352951049805,1.355693221092224,1.354352951049805,1.3551421165466309
2026-08-19T08:00:00+01:00,1.355215549468994,1.3556565046310425,1.354609727859497,1.3556565046310425
2026-08-19T09:00:00+01:00,1.3555645942687988,1.3565576076507568,1.3554176092147827,1.3561527729034424
2026-08-19T10:00:00+01:00,1.3551788330078125,1.3559322357177734,1.3550686836242676,1.3558586835861206
2026-08-19T11:00:00+01:00,1.3558034896850586,1.3564839363098145,1.3556196689605713,1.3556748628616333
2026-08-19T12:00:00+01:00,1.3558586835861206,1.356042504310608,1.354866623878479,1.3553624153137207
2026-08-19T13:00:00+01:00,1.3554543256759644,1.3602110147476196,1.35534405708313,1.359619379043579
2026-08-19T14:00:00+01:00,1.360063076019287,1.362342119216919,1.3599891662597656,1.3618227243423462
2026-08-19T15:00:00+01:00,1.3618412017822266,1.3618597984313965,1.3614147901535034,1.361767053604126
2026-08-19T16:00:00+01:00,1.3610256910324097,1.3613591194152832,1.3602850437164309,1.360673904418945
2026-08-19T17:00:00+01:00,1.3607664108276367,1.3615260124206543,1.360544204711914,1.36106276512146
2026-08-19T18:00:00+01:00,1.3612664937973022,1.3616372346878052,1.3591018915176392,1.3591573238372805
2026-08-19T19:00:00+01:00,1.359342098236084,1.360951542854309,1.3590834140777588,1.3607664108276367
2026-08-19T20:00:00+01:00,1.3609329462051392,1.3611923456192017,1.3604146242141724,1.3608219623565674
2026-08-19T21:00:00+01:00,1.3607293367385864,1.3610072135925293,1.3602850437164309,1.3605812788009644
2026-08-19T22:00:00+01:00,1.360784888267517,1.3610997200012207,1.3603591918945312,1.3608033657073977
2026-08-19T23:00:00+01:00,1.3608219623565674,1.3610256910324097,1.360470175743103,1.360525608062744
2026-08-20T00:00:00+01:00,1.3602666854858398,1.360710859298706,1.3599151372909546,1.3600815534591677
2026-08-20T01:00:00+01:00,1.3602850437164309,1.3607293367385864,1.359841227531433,1.3600261211395264
2026-08-20T02:00:00+01:00,1.360007643699646,1.3608219623565674,1.359489917755127,1.3608219623565674
2026-08-20T03:00:00+01:00,1.3607479333877563,1.3614332675933838,1.3603407144546509,1.360544204711914
2026-08-20T04:00:00+01:00,1.3606553077697754,1.3614704608917236,1.3605997562408447,1.3614332675933838
2026-08-20T05:00:00+01:00,1.3613591194152832,1.3616372346878052,1.3607479333877563,1.3607664108276367
2026-08-20T06:00:00+01:00,1.3608405590057373,1.3610072135925293,1.360063076019287,1.360525608062744
2026-08-20T07:00:00+01:00,1.360544204711914,1.3617855310440063,1.360377550125122,1.3617855310440063
2026-08-20T08:00:00+01:00,1.3614332675933838,1.3631035089492798,1.360951542854309,1.3625277280807495
2026-08-20T09:00:00+01:00,1.362453579902649,1.3636425733566284,1.362453579902649,1.3633822202682495
2026-08-20T10:00:00+01:00,1.3636425733566284,1.36481511592865,1.3632893562316897,1.36481511592865
2026-08-20T11:00:00+01:00,1.3644241094589231,1.3659149408340454,1.364126205444336,1.364498496055603
2026-08-20T12:00:00+01:00,1.364386796951294,1.364386796951294,1.36306631565094,1.3632335662841797
2026-08-20T13:00:00+01:00,1.3632521629333496,1.3645356893539429,1.3623050451278689,1.3642750978469849
2026-08-20T14:00:00+01:00,1.3647218942642212,1.3652063608169556,1.3634194135665894,1.3634381294250488
2026-08-20T15:00:00+01:00,1.3636797666549685,1.363902926445007,1.3634008169174194,1.3634008169174194
2026-08-20T16:00:00+01:00,1.3633265495300293,1.3647406101226809,1.3629363775253296,1.363735556602478
2026-08-20T17:00:00+01:00,1.3636053800582886,1.3636611700057983,1.3625091314315796,1.36308491230011
2026-08-20T18:00:00+01:00,1.3631221055984497,1.36314058303833,1.362416386604309,1.36280620098114
2026-08-20T19:00:00+01:00,1.36282479763031,1.36282479763031,1.362119436264038,1.36280620098114
2026-08-20T20:00:00+01:00,1.36273193359375,1.3631035089492798,1.36265766620636,1.36286199092865
2026-08-20T21:00:00+01:00,1.3630106449127195,1.3633265495300293,1.36282479763031,1.36308491230011
2026-08-20T22:00:00+01:00,1.3631035089492798,1.3633637428283691,1.3626762628555298,1.3631035089492798
2026-08-20T23:00:00+01:00,1.3632335662841797,1.363735556602478,1.3632335662841797,1.3636053800582886
2026-08-21T00:00:00+01:00,1.363716959953308,1.364386796951294,1.363716959953308,1.3643310070037842
2026-08-21T01:00:00+01:00,1.3643680810928345,1.3647218942642212,1.3638285398483276,1.3638285398483276
2026-08-21T02:00:00+01:00,1.3639215230941772,1.3650014400482178,1.363735556602478,1.364517092704773
2026-08-21T03:00:00+01:00,1.3645730018615725,1.365541934967041,1.364144802093506,1.364908218383789
2026-08-21T04:00:00+01:00,1.3648709058761597,1.3651504516601562,1.364386796951294,1.3645915985107422
2026-08-21T05:00:00+01:00,1.364517092704773,1.3646475076675415,1.363977313041687,1.364386796951294
2026-08-21T06:00:00+01:00,1.364237904548645,1.3652995824813845,1.364144802093506,1.3652622699737549
2026-08-21T07:00:00+01:00,1.3650386333465576,1.3650572299957275,1.3642191886901855,1.3650014400482178
2026-08-21T08:00:00+01:00,1.365075945854187,1.3653181791305542,1.3639215230941772,1.3641633987426758
2026-08-21T09:00:00+01:00,1.3642750978469849,1.365859031677246,1.3635867834091189,1.365859031677246
2026-08-21T10:00:00+01:00,1.3663815259933472,1.3675401210784912,1.365541934967041,1.365541934967041
2026-08-21T11:00:00+01:00,1.365392804145813,1.3666056394577026,1.3647032976150513,1.3649827241897583
2026-08-21T12:00:00+01:00,1.364926815032959,1.3663254976272583,1.3647964000701904,1.3657656908035278
2026-08-21T13:00:00+01:00,1.3658403158187866,1.3660082817077637,1.3636425733566284,1.364386796951294
2026-08-21T14:00:00+01:00,1.364610195159912,1.364628791809082,1.363512396812439,1.364498496055603
2026-08-21T15:00:00+01:00,1.364144802093506,1.364405393600464,1.3640331029891968,1.364405393600464
2026-08-21T16:00:00+01:00,1.3625277280807495,1.364237904548645,1.3623607158660889,1.364237904548645
2026-08-21T17:00:00+01:00,1.3643122911453247,1.3644611835479736,1.363716959953308,1.3642750978469849
2026-08-21T18:00:00+01:00,1.3641821146011353,1.364945411682129,1.3640331029891968,1.3648896217346191
2026-08-21T19:00:00+01:00,1.3649827241897583,1.3654487133026123,1.364945411682129,1.3652063608169556
2026-08-21T20:00:00+01:00,1.3652622699737549,1.3652622699737549,1.3646475076675415,1.3647592067718506
2026-08-21T21:00:00+01:00,1.3646661043167114,1.364908218383789,1.3642005920410156,1.364628791809082
2026-08-21T22:00:00+01:00,1.3647964000701904,1.3647964000701904,1.3647964000701904,1.3647964000701904
2026-08-24T00:00:00+01:00,1.364349603652954,1.3654487133026123,1.364349603652954,1.3654487133026123
2026-08-24T01:00:00+01:00,1.3654673099517822,1.3656351566314695,1.3650014400482178,1.365541934967041
2026-08-24T02:00:00+01:00,1.3655791282653809,1.3655791282653809,1.364256501197815,1.3648709058761597
2026-08-24T03:00:00+01:00,1.3648337125778198,1.3652249574661257,1.3646661043167114,1.3650014400482178
2026-08-24T04:00:00+01:00,1.3650572299957275,1.3650572299957275,1.3644241094589231,1.3645915985107422
2026-08-24T05:00:00+01:00,1.3645730018615725,1.3647406101226809,1.364256501197815,1.3647406101226809
2026-08-24T06:00:00+01:00,1.3647406101226809,1.3647406101226809,1.3640146255493164,1.3644425868988037
2026-08-24T07:00:00+01:00,1.364517092704773,1.3646661043167114,1.3639215230941772,1.364405393600464
2026-08-24T08:00:00+01:00,1.3647592067718506,1.364926815032959,1.3633451461791992,1.363493800163269
2026-08-24T09:00:00+01:00,1.3633637428283691,1.363772749900818,1.3626948595046997,1.3626948595046997
2026-08-24T10:00:00+01:00,1.3623793125152588,1.3634381294250488,1.3623793125152588,1.3633637428283691
2026-08-24T11:00:00+01:00,1.3634566068649292,1.3635867834091189,1.3626205921173096,1.3626205921173096
2026-08-24T12:00:00+01:00,1.3626948595046997,1.3641074895858765,1.3624906539916992,1.3638843297958374
2026-08-24T13:00:00+01:00,1.3638471364974976,1.3645730018615725,1.3633265495300293,1.364256501197815
2026-08-24T14:00:00+01:00,1.364479899406433,1.3649827241897583,1.363902926445007,1.3640518188476562
2026-08-24T15:00:00+01:00,1.3640331029891968,1.364144802093506,1.363716959953308,1.363958716392517
2026-08-24T16:00:00+01:00,1.3634752035140991,1.364405393600464,1.36297345161438,1.3629920482635498
2026-08-24T17:00:00+01:00,1.3630106449127195,1.363754153251648,1.3630106449127195,1.363493800163269
2026-08-24T18:00:00+01:00,1.3635495901107788,1.3635681867599487,1.3625648021697998,1.3629177808761597
2026-08-24T19:00:00+01:00,1.36284339427948,1.363512396812439,1.3625648021697998,1.3631964921951294
2026-08-24T20:00:00+01:00,1.36308491230011,1.3631221055984497,1.3625833988189695,1.36280620098114
2026-08-24T21:00:00+01:00,1.36282479763031,1.3631592988967896,1.36282479763031,1.36314058303833
2026-08-24T22:00:00+01:00,1.3639402389526367,1.363958716392517,1.3630106449127195,1.3634381294250488
2026-08-24T23:00:00+01:00,1.3633265495300293,1.363493800163269,1.3632707595825195,1.3634194135665894
2026-08-25T00:00:00+01:00,1.3635681867599487,1.3638657331466677,1.3633822202682495,1.3637913465499878
2026-08-25T01:00:00+01:00,1.363902926445007,1.3640704154968262,1.3636983633041382,1.363977313041687
2026-08-25T02:00:00+01:00,1.3638285398483276,1.363958716392517,1.3632149696350098,1.3632707595825195
2026-08-25T03:00:00+01:00,1.3632149696350098,1.3636425733566284,1.3631035089492798,1.3631221055984497
2026-08-25T04:00:00+01:00,1.3632335662841797,1.3633451461791992,1.36286199092865,1.3629363775253296
2026-08-25T05:00:00+01:00,1.3629177808761597,1.3629177808761597,1.362453579902649,1.3627134561538696
2026-08-25T06:00:00+01:00,1.3626205921173096,1.3629363775253296,1.3622864484786987,1.362323522567749
2026-08-25T07:00:00+01:00,1.3623793125152588,1.36284339427948,1.3623050451278689,1.36282479763031
2026-08-25T08:00:00+01:00,1.3629363775253296,1.3644611835479736,1.3629363775253296,1.3638843297958374
2026-08-25T09:00:00+01:00,1.3638657331466677,1.363958716392517,1.3630106449127195,1.3639402389526367
2026-08-25T10:00:00+01:00,1.364349603652954,1.364945411682129,1.3641821146011353,1.364405393600464
2026-08-25T11:00:00+01:00,1.3643122911453247,1.3643122911453247,1.3632149696350098,1.3634194135665894
2026-08-25T12:00:00+01:00,1.3633637428283691,1.363716959953308,1.3628805875778198,1.3632521629333496
2026-08-25T13:00:00+01:00,1.3633079528808594,1.3636797666549685,1.36273193359375,1.3636425733566284
2026-08-25T14:00:00+01:00,1.3636053800582886,1.3651691675186155,1.3635309934616089,1.364237904548645
2026-08-25T15:00:00+01:00,1.3642005920410156,1.3643310070037842,1.363735556602478,1.3640331029891968
2026-08-25T16:00:00+01:00,1.3634381294250488,1.3639402389526367,1.3631221055984497,1.3639215230941772
2026-08-25T17:00:00+01:00,1.3640704154968262,1.3641074895858765,1.3632893562316897,1.3634194135665894
2026-08-25T18:00:00+01:00,1.3634381294250488,1.364479899406433,1.3634381294250488,1.3644241094589231
2026-08-25T19:00:00+01:00,1.3644611835479736,1.3647032976150513,1.3642936944961548,1.3645356893539429
2026-08-25T20:00:00+01:00,1.3646475076675415,1.365392804145813,1.3644425868988037,1.3653181791305542
2026-08-25T21:00:00+01:00,1.365336775779724,1.3655232191085815,1.3647964000701904,1.3647964000701904
2026-08-25T22:00:00+01:00,1.3639402389526367,1.3652249574661257,1.363493800163269,1.3646847009658811
2026-08-25T23:00:00+01:00,1.364628791809082,1.3650572299957275,1.364628791809082,1.3650014400482178
2026-08-26T00:00:00+01:00,1.365019917488098,1.365019917488098,1.364517092704773,1.3647032976150513
2026-08-26T01:00:00+01:00,1.364610195159912,1.364908218383789,1.364498496055603,1.364628791809082
2026-08-26T02:00:00+01:00,1.3646661043167114,1.3647964000701904,1.3644611835479736,1.364498496055603
2026-08-26T03:00:00+01:00,1.364479899406433,1.3647032976150513,1.3640146255493164,1.3641074895858765
2026-08-26T04:00:00+01:00,1.3640146255493164,1.364144802093506,1.3636611700057983,1.363735556602478
2026-08-26T05:00:00+01:00,1.363772749900818,1.363772749900818,1.3632335662841797,1.3633637428283691
2026-08-26T06:00:00+01:00,1.3633451461791992,1.363716959953308,1.36314058303833,1.3635495901107788
2026-08-26T07:00:00+01:00,1.3635309934616089,1.3635309934616089,1.3625648021697998,1.3633451461791992
2026-08-26T08:00:00+01:00,1.3633451461791992,1.364089012145996,1.3631035089492798,1.3631778955459597
2026-08-26T09:00:00+01:00,1.36308491230011,1.363716959953308,1.3628991842269895,1.3628991842269895
2026-08-26T10:00:00+01:00,1.3629363775253296,1.3630106449127197,1.3623977899551392,1.3628062009811401
2026-08-26T11:00:00+01:00,1.3626762628555298,1.3626762628555298,1.3618227243423462,1.3620452880859375
2026-08-26T12:00:00+01:00,1.362119436264038,1.36304771900177,1.362119436264038,1.3630106449127197
2026-08-26T13:00:00+01:00,1.3629920482635498,1.3635867834091187,1.360951542854309,1.36104416847229
2026-08-26T14:00:00+01:00,1.3606922626495361,1.360877513885498,1.3602666854858398,1.360322117805481
2026-08-26T15:00:00+01:00,1.3602666854858398,1.3602666854858398,1.3597487211227417,1.3598226308822632
