timestamp,open,high,low,close
2026-06-23T03:00:00+01:00,161.58399963378906,161.59800720214844,161.51699829101562,161.5760040283203
2026-06-23T04:00:00+01:00,161.5760040283203,161.60699462890625,161.53199768066406,161.54800415039062
2026-06-23T05:00:00+01:00,161.54800415039062,161.61500549316406,161.54299926757812,161.61099243164062
2026-06-23T06:00:00+01:00,161.60400390625,161.68699645996094,161.58399963378906,161.65199279785156
2026-06-23T07:00:00+01:00,161.6479949951172,161.74099731445312,161.6320037841797,161.63800048828125
2026-06-23T08:00:00+01:00,161.63699340820312,161.66099548339844,161.3090057373047,161.45799255371094
2026-06-23T09:00:00+01:00,161.4600067138672,161.48500061035156,161.26300048828125,161.43600463867188
2026-06-23T10:00:00+01:00,161.4290008544922,161.468994140625,161.33399963378906,161.38499450683594
2026-06-23T11:00:00+01:00,161.38299560546875,161.47999572753906,161.34500122070312,161.45399475097656
2026-06-23T12:00:00+01:00,161.44700622558594,161.61700439453125,161.42300415039062,161.5850067138672
2026-06-23T13:00:00+01:00,161.58399963378906,161.60800170898438,161.43800354003906,161.55799865722656
2026-06-23T14:00:00+01:00,161.5500030517578,161.58099365234375,161.44200134277344,161.51800537109375
2026-06-23T15:00:00+01:00,161.51800537109375,161.58599853515625,161.4810028076172,161.54400634765625
2026-06-23T16:00:00+01:00,161.53799438476562,161.58700561523438,161.4969940185547,161.54400634765625
2026-06-23T17:00:00+01:00,161.54400634765625,161.60000610351562,161.53199768066406,161.59800720214844
2026-06-23T18:00:00+01:00,161.58900451660156,161.62100219726562,161.53500366210938,161.5540008544922
2026-06-23T19:00:00+01:00,161.5489959716797,161.5959930419922,161.53399658203125,161.56199645996094
2026-06-23T20:00:00+01:00,161.56300354003906,161.57400512695312,161.5070037841797,161.57000732421875
2026-06-23T21:00:00+01:00,161.5679931640625,161.61099243164062,161.50799560546875,161.5500030517578
2026-06-23T22:00:00+01:00,161.48199462890625,161.55299377441406,161.46499633789062,161.5019989013672
2026-06-23T23:00:00+01:00,161.5030059814453,161.60699462890625,161.49099731445312,161.5540008544922
2026-06-24T00:00:00+01:00,161.55799865722656,161.60899353027344,161.52099609375,161.6020050048828
2026-06-24T01:00:00+01:00,161.59500122070312,161.63600158691406,161.54200744628906,161.625
2026-06-24T02:00:00+01:00,161.61900329589844,161.6280059814453,161.54299926757812,161.56399536132812
2026-06-24T03:00:00+01:00,161.56300354003906,161.58799743652344,161.52699279785156,161.54100036621094
2026-06-24T04:00:00+01:00,161.5449981689453,161.60400390625,161.53799438476562,161.54400634765625
2026-06-24T05:00:00+01:00,161.54600524902344,161.56500244140625,161.5229949951172,161.5500030517578
2026-06-24T06:00:00+01:00,161.5500030517578,161.6179962158203,161.53500366210938,161.60800170898438
2026-06-24T07:00:00+01:00,161.6020050048828,161.71800231933594,161.572998046875,161.70399475097656
2026-06-24T08:00:00+01:00,161.7100067138672,161.74000549316406,161.65699768066406,161.72500610351562
2026-06-24T09:00:00+01:00,161.7100067138672,161.7570037841797,161.6750030517578,161.74899291992188
2026-06-24T10:00:00+01:00,161.75100708007812,161.781005859375,161.70399475097656,161.7429962158203
2026-06-24T11:00:00+01:00,161.73300170898438,161.7519989013672,161.6739959716797,161.68299865722656
2026-06-24T12:00:00+01:00,161.6840057373047,161.71800231933594,161.6179962158203,161.65499877929688
2026-06-24T13:00:00+01:00,161.64700317382812,161.7530059814453,161.62899780273438,161.7480010986328
2026-06-24T14:00:00+01:00,161.7480010986328,161.76600646972656,161.69500732421875,161.7480010986328
2026-06-24T15:00:00+01:00,161.74600219726562,161.81700134277344,161.697998046875,161.78199768066406
2026-06-24T16:00:00+01:00,161.78199768066406,161.81300354003906,161.7270050048828,161.75100708007812
2026-06-24T17:00:00+01:00,161.75100708007812,161.77099609375,161.6840057373047,161.7530059814453
2026-06-24T18:00:00+01:00,161.7530059814453,161.82200622558594,161.72799682617188,161.80999755859375
2026-06-24T19:00:00+01:00,161.80999755859375,161.8300018310547,161.7550048828125,161.75599670410156
2026-06-24T20:00:00+01:00,161.7570037841797,161.84300231933594,161.74400329589844,161.81500244140625
2026-06-24T21:00:00+01:00,161.82400512695312,161.83200073242188,161.7480010986328,161.7550048828125
2026-06-24T22:00:00+01:00,161.72799682617188,161.78599548339844,161.70899963378906,161.73899841308594
2026-06-24T23:00:00+01:00,161.73899841308594,161.7830047607422,161.68899536132812,161.7689971923828
2026-06-25T00:00:00+01:00,161.75999450683594,161.79100036621094,161.7429962158203,161.76300048828125
2026-06-25T01:00:00+01:00,161.76300048828125,161.78199768066406,161.6909942626953,161.70599365234375
2026-06-25T02:00:00+01:00,161.70700073242188,161.74400329589844,161.5500030517578,161.718994140625
2026-06-25T03:00:00+01:00,161.71800231933594,161.72999572753906,161.656005859375,161.70700073242188
2026-06-25T04:00:00+01:00,161.70899963378906,161.75399780273438,161.68800354003906,161.72500610351562
2026-06-25T05:00:00+01:00,161.7169952392578,161.7760009765625,161.6999969482422,161.76600646972656
2026-06-25T06:00:00+01:00,161.75900268554688,161.8280029296875,161.72000122070312,161.822998046875
2026-06-25T07:00:00+01:00,161.83099365234375,161.89100646972656,161.7779998779297,161.8800048828125
2026-06-25T08:00:00+01:00,161.8780059814453,161.89999389648438,161.7449951171875,161.80499267578125
2026-06-25T09:00:00+01:00,161.80799865722656,161.83599853515625,161.7689971923828,161.79299926757812
2026-06-25T10:00:00+01:00,161.79299926757812,161.83999633789062,161.78199768066406,161.8090057373047
2026-06-25T11:00:00+01:00,161.8159942626953,161.89700317382812,161.79800415039062,161.8780059814453
2026-06-25T12:00:00+01:00,161.8699951171875,161.9499969482422,161.73599243164062,161.85800170898438
2026-06-25T13:00:00+01:00,161.85800170898438,161.90199279785156,161.75999450683594,161.83299255371094
2026-06-25T14:00:00+01:00,161.83200073242188,161.85699462890625,161.6959991455078,161.73800659179688
2026-06-25T15:00:00+01:00,161.73699951171875,161.76199340820312,161.55599975585938,161.6750030517578
2026-06-25T16:00:00+01:00,161.67599487304688,161.7239990234375,161.60699462890625,161.66799926757812
2026-06-25T17:00:00+01:00,161.66700744628906,161.76499938964844,161.65199279785156,161.76199340820312
2026-06-25T18:00:00+01:00,161.76300048828125,161.80999755859375,161.72300720214844,161.77000427246094
2026-06-25T19:00:00+01:00,161.77000427246094,161.843994140625,161.7550048828125,161.79400634765625
2026-06-25T20:00:00+01:00,161.7899932861328,161.8260040283203,161.74200439453125,161.7830047607422
2026-06-25T21:00:00+01:00,161.7899932861328,161.81500244140625,161.76699829101562,161.7740020751953
2026-06-25T22:00:00+01:00,161.76300048828125,161.81199645996094,161.66200256347656,161.73500061035156
2026-06-25T23:00:00+01:00,161.75999450683594,161.80799865722656,161.73500061035156,161.78399658203125
2026-06-26T00:00:00+01:00,161.7779998779297,161.8179931640625,161.7530059814453,161.802001953125
2026-06-26T01:00:00+01:00,161.7969970703125,161.8419952392578,161.7830047607422,161.83200073242188
2026-06-26T02:00:00+01:00,161.82400512695312,161.85000610351562,161.78700256347656,161.80499267578125
2026-06-26T03:00:00+01:00,161.7969970703125,161.8179931640625,161.76300048828125,161.7689971923828
2026-06-26T04:00:00+01:00,161.77000427246094,161.77999877929688,161.61399841308594,161.6479949951172
2026-06-26T05:00:00+01:00,161.64300537109375,161.68499755859375,161.5590057373047,161.6219940185547
2026-06-26T06:00:00+01:00,161.62100219726562,161.64300537109375,161.531005859375,161.53599548339844
2026-06-26T07:00:00+01:00,161.53599548339844,161.75,161.52499389648438,161.71099853515625
2026-06-26T08:00:00+01:00,161.71099853515625,161.7270050048828,161.61199951171875,161.6269989013672
2026-06-26T09:00:00+01:00,161.6179962158203,161.65699768066406,161.531005859375,161.58900451660156
2026-06-26T10:00:00+01:00,161.5800018310547,161.63099670410156,161.5260009765625,161.60499572753906
2026-06-26T11:00:00+01:00,161.60000610351562,161.64300537109375,161.56399536132812,161.61300659179688
2026-06-26T12:00:00+01:00,161.61300659179688,161.6820068359375,161.6009979248047,161.66099548339844
2026-06-26T13:00:00+01:00,161.65699768066406,161.7050018310547,161.6300048828125,161.6529998779297
2026-06-26T14:00:00+01:00,161.65499877929688,161.72300720214844,161.6060028076172,161.6219940185547
2026-06-26T15:00:00+01:00,161.60299682617188,161.74099731445312,161.572998046875,161.72999572753906
2026-06-26T16:00:00+01:00,161.72000122070312,161.74600219726562,161.6269989013672,161.66600036621094
2026-06-26T17:00:00+01:00,161.6649932861328,161.77099609375,161.6529998779297,161.75100708007812
2026-06-26T18:00:00+01:00,161.75,161.77699279785156,161.72300720214844,161.77200317382812
2026-06-26T19:00:00+01:00,161.76499938964844,161.77699279785156,161.7050018310547,161.73199462890625
2026-06-26T20:00:00+01:00,161.7310028076172,161.76600646972656,161.7030029296875,161.7570037841797
2026-06-26T21:00:00+01:00,161.75799560546875,161.781005859375,161.6929931640625,161.6929931640625
2026-06-26T22:00:00+01:00,161.68499755859375,161.72999572753906,161.68499755859375,161.72999572753906
2026-06-29T00:00:00+01:00,161.77999877929688,161.80999755859375,161.76199340820312,161.78700256347656
2026-06-29T01:00:00+01:00,161.78700256347656,161.7969970703125,161.71099853515625,161.75399780273438
2026-06-29T02:00:00+01:00,161.7530059814453,161.79400634765625,161.7270050048828,161.7899932861328
2026-06-29T03:00:00+01:00,161.78700256347656,161.79200744628906,161.72500610351562,161.7830047607422
2026-06-29T04:00:00+01:00,161.78199768066406,161.7989959716797,161.76699829101562,161.7989959716797
2026-06-29T05:00:00+01:00,161.7899932861328,161.81500244140625,161.7779998779297,161.80799865722656
2026-06-29T06:00:00+01:00,161.80799865722656,161.8159942626953,161.77499389648438,161.80299377441406
2026-06-29T07:00:00+01:00,161.79600524902344,161.8520050048828,161.77000427246094,161.79100036621094
2026-06-29T08:00:00+01:00,161.78500366210938,161.83200073242188,161.78199768066406,161.82000732421875
2026-06-29T09:00:00+01:00,161.81900024414062,161.86000061035156,161.79600524902344,161.84800720214844
2026-06-29T10:00:00+01:00,161.84800720214844,161.89999389648438,161.8249969482422,161.88499450683594
2026-06-29T11:00:00+01:00,161.87899780273438,161.9010009765625,161.83999633789062,161.8520050048828
2026-06-29T12:00:00+01:00,161.85000610351562,161.86300659179688,161.80499267578125,161.83399963378906
2026-06-29T13:00:00+01:00,161.83200073242188,161.90499877929688,161.82699584960938,161.88800048828125
2026-06-29T14:00:00+01:00,161.88900756835938,161.96499633789062,161.8769989013672,161.95199584960938
2026-06-29T15:00:00+01:00,161.9530029296875,161.95700073242188,161.80299377441406,161.9239959716797
2026-06-29T16:00:00+01:00,161.9239959716797,161.9530029296875,161.9149932861328,161.9290008544922
2026-06-29T17:00:00+01:00,161.93299865722656,161.9459991455078,161.91099548339844,161.93699645996094
2026-06-29T18:00:00+01:00,161.93800354003906,161.9600067138672,161.91200256347656,161.927001953125
2026-06-29T19:00:00+01:00,161.93099975585938,161.98399353027344,161.92100524902344,161.96499633789062
2026-06-29T20:00:00+01:00,161.96499633789062,161.9720001220703,161.89999389648438,161.94200134277344
2026-06-29T21:00:00+01:00,161.9429931640625,161.968994140625,161.9040069580078,161.92599487304688
2026-06-29T22:00:00+01:00,161.92799377441406,161.92799377441406,161.8350067138672,161.89500427246094
2026-06-29T23:00:00+01:00,161.88999938964844,161.94400024414062,161.82899475097656,161.9250030517578
2026-06-30T00:00:00+01:00,161.9239959716797,161.92999267578125,161.89999389648438,161.92599487304688
2026-06-30T01:00:00+01:00,161.91799926757812,162.4040069580078,161.91600036621094,162.125
2026-06-30T02:00:00+01:00,162.13299560546875,162.30599975585938,162.0449981689453,162.17599487304688
2026-06-30T03:00:00+01:00,162.17599487304688,162.1999969482422,162.1020050048828,162.1479949951172
2026-06-30T04:00:00+01:00,162.14199829101562,162.24400329589844,162.03900146484375,162.16700744628906
2026-06-30T05:00:00+01:00,162.16600036621094,162.2030029296875,162.14199829101562,162.1959991455078
2026-06-30T06:00:00+01:00,162.19000244140625,162.29200744628906,162.14500427246094,162.2830047607422
2026-06-30T07:00:00+01:00,162.28599548339844,162.41299438476562,162.1959991455078,162.2030029296875
2026-06-30T08:00:00+01:00,162.20599365234375,162.26800537109375,162.10800170898438,162.25
2026-06-30T09:00:00+01:00,162.25900268554688,162.41200256347656,162.2169952392578,162.30599975585938
2026-06-30T10:00:00+01:00,162.30799865722656,162.3459930419922,162.26199340820312,162.28900146484375
2026-06-30T11:00:00+01:00,162.29299926757812,162.35699462890625,162.2830047607422,162.3070068359375
2026-06-30T12:00:00+01:00,162.31199645996094,162.42799377441406,162.3070068359375,162.4080047607422
2026-06-30T13:00:00+01:00,162.4080047607422,162.51400756835938,162.01199340820312,162.3979949951172
2026-06-30T14:00:00+01:00,162.3979949951172,162.4770050048828,162.3090057373047,162.447998046875
2026-06-30T15:00:00+01:00,162.46200561523438,162.5540008544922,162.34800720214844,162.51600646972656
2026-06-30T16:00:00+01:00,162.51100158691406,162.66200256347656,162.46400451660156,162.61399841308594
2026-06-30T17:00:00+01:00,162.61399841308594,162.6699981689453,162.59500122070312,162.6479949951172
2026-06-30T18:00:00+01:00,162.64300537109375,162.6490020751953,162.55099487304688,162.5850067138672
2026-06-30T19:00:00+01:00,162.5780029296875,162.62100219726562,162.5540008544922,162.61199951171875
2026-06-30T20:00:00+01:00,162.61199951171875,162.6320037841797,162.57000732421875,162.572998046875
2026-06-30T21:00:00+01:00,162.5780029296875,162.61399841308594,162.47300720214844,162.47300720214844
2026-06-30T22:00:00+01:00,162.52000427246094,162.61700439453125,162.46800231933594,162.54400634765625
2026-06-30T23:00:00+01:00,162.54800415039062,162.6269989013672,162.53900146484375,162.60499572753906
2026-07-01T00:00:00+01:00,162.60000610351562,162.6490020751953,162.52000427246094,162.6269989013672
2026-07-01T01:00:00+01:00,162.6269989013672,162.77699279785156,162.62600708007812,162.68099975585938
2026-07-01T02:00:00+01:00,162.68600463867188,162.73500061035156,162.58200073242188,162.67799377441406
2026-07-01T03:00:00+01:00,162.67799377441406,162.79299926757812,162.6529998779297,162.74400329589844
2026-07-01T04:00:00+01:00,162.7429962158203,162.84100341796875,162.72500610351562,162.79400634765625
2026-07-01T05:00:00+01:00,162.79200744628906,162.81300354003906,162.55599975585938,162.72799682617188
2026-07-01T06:00:00+01:00,162.71800231933594,162.76199340820312,162.67799377441406,162.7030029296875
2026-07-01T07:00:00+01:00,162.70700073242188,162.75799560546875,162.64999389648438,162.66900634765625
2026-07-01T08:00:00+01:00,162.66900634765625,162.7209930419922,162.60400390625,162.66900634765625
2026-07-01T09:00:00+01:00,162.66600036621094,162.70399475097656,162.62600708007812,162.6649932861328
2026-07-01T10:00:00+01:00,162.6529998779297,162.74400329589844,162.64300537109375,162.73599243164062
2026-07-01T11:00:00+01:00,162.72900390625,162.7469940185547,162.66700744628906,162.6840057373047
2026-07-01T12:00:00+01:00,162.6820068359375,162.73599243164062,162.67599487304688,162.69000244140625
2026-07-01T13:00:00+01:00,162.68800354003906,162.76699829101562,162.64599609375,162.69500732421875
2026-07-01T14:00:00+01:00,162.697998046875,162.73399353027344,162.28599548339844,162.39700317382812
2026-07-01T15:00:00+01:00,162.39300537109375,162.45199584960938,162.3040008544922,162.39100646972656
2026-07-01T16:00:00+01:00,162.38999938964844,162.4770050048828,162.36599731445312,162.40899658203125
2026-07-01T17:00:00+01:00,162.4080047607422,162.46299743652344,162.3509979248047,162.4510040283203
2026-07-01T18:00:00+01:00,162.4530029296875,162.5469970703125,162.41900634765625,162.5290069580078
2026-07-01T19:00:00+01:00,162.5330047607422,162.58299255371094,162.50599670410156,162.51800537109375
2026-07-01T20:00:00+01:00,162.52200317382812,162.58399963378906,162.5030059814453,162.56900024414062
2026-07-01T21:00:00+01:00,162.5659942626953,162.61900329589844,162.54400634765625,162.5749969482422
2026-07-01T22:00:00+01:00,162.5709991455078,162.593994140625,162.5019989013672,162.5070037841797
2026-07-01T23:00:00+01:00,162.5070037841797,162.57200622558594,162.5050048828125,162.531005859375
2026-07-02T00:00:00+01:00,162.53199768066406,162.58799743652344,162.50900268554688,162.54100036621094
2026-07-02T01:00:00+01:00,162.54100036621094,162.60000610351562,162.4759979248047,162.5590057373047
2026-07-02T02:00:00+01:00,162.55599975585938,162.58599853515625,162.4980010986328,162.52699279785156
2026-07-02T03:00:00+01:00,162.5279998779297,162.5540008544922,162.49000549316406,162.51699829101562
2026-07-02T04:00:00+01:00,162.52099609375,162.5449981689453,162.4290008544922,162.45700073242188
2026-07-02T05:00:00+01:00,162.4530029296875,162.46099853515625,162.35400390625,162.4250030517578
2026-07-02T06:00:00+01:00,162.42599487304688,162.4340057373047,162.30999755859375,162.32899475097656
2026-07-02T07:00:00+01:00,162.3260040283203,162.33599853515625,161.10400390625,161.81100463867188
2026-07-02T08:00:00+01:00,161.81100463867188,161.9499969482422,161.36599731445312,161.42300415039062
2026-07-02T09:00:00+01:00,161.4320068359375,161.46099853515625,160.89199829101562,161.02099609375
2026-07-02T10:00:00+01:00,161.01800537109375,161.3419952392578,161.01499938964844,161.19200134277344
2026-07-02T11:00:00+01:00,161.18800354003906,161.49000549316406,161.18699645996094,161.3520050048828
2026-07-02T12:00:00+01:00,161.36000061035156,161.5019989013672,161.3159942626953,161.4739990234375
2026-07-02T13:00:00+01:00,161.47000122070312,161.6439971923828,160.6199951171875,161.01699829101562
2026-07-02T14:00:00+01:00,161.01699829101562,161.15899658203125,160.84500122070312,160.85800170898438
2026-07-02T15:00:00+01:00,160.85000610351562,161.1199951171875,160.8249969482422,161.03799438476562
2026-07-02T16:00:00+01:00,161.03500366210938,161.08099365234375,160.7530059814453,160.9029998779297
2026-07-02T17:00:00+01:00,160.90699768066406,161.09500122070312,160.88600158691406,160.98699951171875
2026-07-02T18:00:00+01:00,160.97799682617188,161.12600708007812,160.9759979248047,161.06700134277344
2026-07-02T19:00:00+01:00,161.06700134277344,161.10499572753906,161.01400756835938,161.04299926757812
2026-07-02T20:00:00+01:00,161.04299926757812,161.17300415039062,161.04200744628906,161.1219940185547
2026-07-02T21:00:00+01:00,161.1199951171875,161.14100646972656,161.0570068359375,161.0850067138672
2026-07-02T22:00:00+01:00,161.10400390625,161.11599731445312,160.98599243164062,161.06399536132812
2026-07-02T23:00:00+01:00,161.06700134277344,161.3040008544922,160.99899291992188,161.26800537109375
2026-07-03T00:00:00+01:00,161.24899291992188,161.468994140625,161.22300720214844,161.44900512695312
2026-07-03T01:00:00+01:00,161.44900512695312,161.5240020751953,161.17999267578125,161.19200134277344
2026-07-03T02:00:00+01:00,161.18699645996094,161.2740020751953,160.90899658203125,161.22999572753906
2026-07-03T03:00:00+01:00,161.2259979248047,161.24899291992188,161.11199951171875,161.1649932861328
2026-07-03T04:00:00+01:00,161.16600036621094,161.2239990234375,161.13499450683594,161.1649932861328
2026-07-03T05:00:00+01:00,161.1649932861328,161.21099853515625,161.11900329589844,161.11900329589844
2026-07-03T06:00:00+01:00,161.1199951171875,161.17999267578125,160.9739990234375,161.1580047607422
2026-07-03T07:00:00+01:00,161.15499877929688,161.16600036621094,160.46600341796875,160.86000061035156
2026-07-03T08:00:00+01:00,160.86199951171875,160.9980010986328,160.70700073242188,160.7949981689453
2026-07-03T09:00:00+01:00,160.79100036621094,161.03799438476562,160.76499938964844,161.0279998779297
2026-07-03T10:00:00+01:00,161.03199768066406,161.1300048828125,160.9550018310547,161.1280059814453
2026-07-03T11:00:00+01:00,161.1179962158203,161.16900634765625,161.06700134277344,161.0919952392578
2026-07-03T12:00:00+01:00,161.08900451660156,161.16099548339844,161.04800415039062,161.11099243164062
2026-07-03T13:00:00+01:00,161.10499572753906,161.17300415039062,161.10000610351562,161.16700744628906
2026-07-03T14:00:00+01:00,161.16900634765625,161.27499389648438,161.16099548339844,161.25399780273438
2026-07-03T15:00:00+01:00,161.24400329589844,161.2949981689453,161.19700622558594,161.28700256347656
2026-07-03T16:00:00+01:00,161.28900146484375,161.34500122070312,161.26300048828125,161.31700134277344
2026-07-03T17:00:00+01:00,161.30599975585938,161.3939971923828,161.29200744628906,161.33799743652344
2026-07-03T18:00:00+01:00,161.33799743652344,161.35899353027344,161.26300048828125,161.3040008544922
2026-07-03T19:00:00+01:00,161.28799438476562,161.35899353027344,161.27499389648438,161.33900451660156
2026-07-03T20:00:00+01:00,161.34100341796875,161.3800048828125,161.32200622558594,161.35899353027344
2026-07-03T21:00:00+01:00,161.35899353027344,161.4290008544922,161.26199340820312,161.33700561523438
2026-07-06T00:00:00+01:00,161.40499877929688,161.5070037841797,161.40499877929688,161.4600067138672
2026-07-06T01:00:00+01:00,161.45199584960938,161.60699462890625,161.44900512695312,161.5279998779297
2026-07-06T02:00:00+01:00,161.53199768066406,161.81700134277344,161.5240020751953,161.8040008544922
2026-07-06T03:00:00+01:00,161.80499267578125,161.8520050048828,161.74200439453125,161.76800537109375
2026-07-06T04:00:00+01:00,161.76699829101562,161.86300659179688,161.7570037841797,161.83200073242188
2026-07-06T05:00:00+01:00,161.83200073242188,161.94700622558594,161.802001953125,161.9340057373047
2026-07-06T06:00:00+01:00,161.9340057373047,162.08599853515625,161.87600708007812,162.07200622558594
2026-07-06T07:00:00+01:00,162.06900024414062,162.30799865722656,162.02099609375,162.24600219726562
2026-07-06T08:00:00+01:00,162.2480010986328,162.31500244140625,162.1490020751953,162.1529998779297
2026-07-06T09:00:00+01:00,162.15499877929688,162.29299926757812,162.1529998779297,162.24000549316406
2026-07-06T10:00:00+01:00,162.24000549316406,162.3489990234375,162.22300720214844,162.3249969482422
2026-07-06T11:00:00+01:00,162.32400512695312,162.41200256347656,162.24899291992188,162.302001953125
2026-07-06T12:00:00+01:00,162.3040008544922,162.3560028076172,162.27699279785156,162.33099365234375
2026-07-06T13:00:00+01:00,162.32899475097656,162.427001953125,162.2949981689453,162.3979949951172
2026-07-06T14:00:00+01:00,162.39500427246094,162.4199981689453,162.302001953125,162.32000732421875
2026-07-06T15:00:00+01:00,162.32699584960938,162.38499450683594,162.26600646972656,162.35899353027344
2026-07-06T16:00:00+01:00,162.36000061035156,162.36900329589844,162.26499938964844,162.28399658203125
2026-07-06T17:00:00+01:00,162.2779998779297,162.31700134277344,162.23500061035156,162.2550048828125
2026-07-06T18:00:00+01:00,162.25399780273438,162.2740020751953,162.13699340820312,162.1699981689453
2026-07-06T19:00:00+01:00,162.16700744628906,162.18899536132812,162.00799560546875,162.0399932861328
2026-07-06T20:00:00+01:00,162.03599548339844,162.11599731445312,162.02499389648438,162.04400634765625
2026-07-06T21:00:00+01:00,162.04299926757812,162.11399841308594,162.0229949951172,162.07000732421875
2026-07-06T22:00:00+01:00,162.0679931640625,162.1280059814453,162.0260009765625,162.05799865722656
2026-07-06T23:00:00+01:00,162.0590057373047,162.11300659179688,162.01499938964844,162.06900024414062
2026-07-07T00:00:00+01:00,162.06100463867188,162.11000061035156,161.9929962158203,162.0959930419922
2026-07-07T01:00:00+01:00,162.08799743652344,162.18299865722656,162.07400512695312,162.12399291992188
2026-07-07T02:00:00+01:00,162.12899780273438,162.14700317382812,161.67300415039062,161.86199951171875
2026-07-07T03:00:00+01:00,161.8679962158203,161.927001953125,161.78500366210938,161.91600036621094
2026-07-07T04:00:00+01:00,161.91299438476562,161.927001953125,161.78599548339844,161.86900329589844
2026-07-07T05:00:00+01:00,161.86099243164062,161.88699340820312,161.67300415039062,161.78500366210938
2026-07-07T06:00:00+01:00,161.78500366210938,161.8939971923828,161.7449951171875,161.86300659179688
2026-07-07T07:00:00+01:00,161.8730010986328,162.04400634765625,161.85400390625,162.01600646972656
2026-07-07T08:00:00+01:00,162.01699829101562,162.08200073242188,161.656005859375,161.96200561523438
2026-07-07T09:00:00+01:00,161.96299743652344,161.9720001220703,161.8179931640625,161.88900756835938
2026-07-07T10:00:00+01:00,161.88900756835938,161.9669952392578,161.8070068359375,161.94000244140625
2026-07-07T11:00:00+01:00,161.9290008544922,161.96299743652344,161.8699951171875,161.927001953125
2026-07-07T12:00:00+01:00,161.93299865722656,161.95700073242188,161.83799743652344,161.9149932861328
2026-07-07T13:00:00+01:00,161.90699768066406,161.9290008544922,161.74899291992188,161.83200073242188
2026-07-07T14:00:00+01:00,161.8300018310547,161.9029998779297,161.80299377441406,161.88699340820312
2026-07-07T15:00:00+01:00,161.89500427246094,162.0229949951172,161.8509979248047,161.9149932861328
2026-07-07T16:00:00+01:00,161.90499877929688,161.9459991455078,161.85000610351562,161.91200256347656
2026-07-07T17:00:00+01:00,161.90699768066406,161.95899963378906,161.86099243164062,161.93600463867188
2026-07-07T18:00:00+01:00,161.92799377441406,161.9429931640625,161.86500549316406,161.89199829101562
2026-07-07T19:00:00+01:00,161.88099670410156,161.9720001220703,161.85400390625,161.9219970703125
2026-07-07T20:00:00+01:00,161.9320068359375,162.14199829101562,161.9219970703125,162.0760040283203
2026-07-07T21:00:00+01:00,162.0709991455078,162.1280059814453,162.0469970703125,162.08999633789062
2026-07-07T22:00:00+01:00,162.0850067138672,162.1739959716797,161.97799682617188,162.13900756835938
2026-07-07T23:00:00+01:00,162.1219940185547,162.20399475097656,162.09100341796875,162.18299865722656
2026-07-08T00:00:00+01:00,162.17300415039062,162.36599731445312,162.16099548339844,162.35299682617188
2026-07-08T01:00:00+01:00,162.3560028076172,162.4040069580078,162.2480010986328,162.3489990234375
2026-07-08T02:00:00+01:00,162.34100341796875,162.46299743652344,162.2779998779297,162.3509979248047
2026-07-08T03:00:00+01:00,162.3520050048828,162.43299865722656,162.33200073242188,162.34300231933594
2026-07-08T04:00:00+01:00,162.33999633789062,162.35400390625,162.28399658203125,162.33599853515625
2026-07-08T05:00:00+01:00,162.33599853515625,162.4080047607422,162.3300018310547,162.3679962158203
2026-07-08T06:00:00+01:00,162.36099243164062,162.37600708007812,162.2030029296875,162.29200744628906
2026-07-08T07:00:00+01:00,162.29200744628906,162.30999755859375,162.07000732421875,162.197998046875
2026-07-08T08:00:00+01:00,162.197998046875,162.29100036621094,162.1739959716797,162.22500610351562
2026-07-08T09:00:00+01:00,162.22000122070312,162.4980010986328,162.2030029296875,162.48599243164062
2026-07-08T10:00:00+01:00,162.48399353027344,162.5570068359375,162.24600219726562,162.45700073242188
2026-07-08T11:00:00+01:00,162.45899963378906,162.47900390625,162.3990020751953,162.4739990234375
2026-07-08T12:00:00+01:00,162.4720001220703,162.5590057373047,162.41400146484375,162.54200744628906
2026-07-08T13:00:00+01:00,162.53199768066406,162.54600524902344,162.43699645996094,162.51400756835938
2026-07-08T14:00:00+01:00,162.51400756835938,162.56900024414062,162.47500610351562,162.53399658203125
2026-07-08T15:00:00+01:00,162.53500366210938,162.6230010986328,162.50799560546875,162.6060028076172
2026-07-08T16:00:00+01:00,162.60499572753906,162.70799255371094,162.58799743652344,162.66600036621094
2026-07-08T17:00:00+01:00,162.66400146484375,162.6719970703125,162.4980010986328,162.531005859375
2026-07-08T18:00:00+01:00,162.531005859375,162.55299377441406,162.41200256347656,162.4980010986328
2026-07-08T19:00:00+01:00,162.52699279785156,162.56100463867188,162.43800354003906,162.4770050048828
2026-07-08T20:00:00+01:00,162.46800231933594,162.55599975585938,162.41600036621094,162.4669952392578
2026-07-08T21:00:00+01:00,162.4709930419922,162.64599609375,162.46299743652344,162.58399963378906
2026-07-08T22:00:00+01:00,162.54800415039062,162.59800720214844,162.48500061035156,162.53700256347656
2026-07-08T23:00:00+01:00,162.53599548339844,162.61399841308594,162.51100158691406,162.552001953125
2026-07-09T00:00:00+01:00,162.55999755859375,162.58200073242188,162.52499389648438,162.54400634765625
2026-07-09T01:00:00+01:00,162.53399658203125,162.54299926757812,162.3560028076172,162.43899536132812
2026-07-09T02:00:00+01:00,162.43899536132812,162.57400512695312,162.40699768066406,162.44500732421875
2026-07-09T03:00:00+01:00,162.44500732421875,162.50399780273438,162.42999267578125,162.4709930419922
2026-07-09T04:00:00+01:00,162.46400451660156,162.49899291992188,162.40199279785156,162.447998046875
2026-07-09T05:00:00+01:00,162.44700622558594,162.46499633789062,162.406005859375,162.42599487304688
2026-07-09T06:00:00+01:00,162.43299865722656,162.43800354003906,162.33700561523438,162.3719940185547
2026-07-09T07:00:00+01:00,162.36399841308594,162.375,162.24000549316406,162.28900146484375
2026-07-09T08:00:00+01:00,162.29200744628906,162.3990020751953,162.28900146484375,162.3419952392578
2026-07-09T09:00:00+01:00,162.3419952392578,162.4040069580078,162.29400634765625,162.38800048828125
2026-07-09T10:00:00+01:00,162.38800048828125,162.4510040283203,162.3730010986328,162.3979949951172
2026-07-09T11:00:00+01:00,162.39599609375,162.50799560546875,162.39500427246094,162.47999572753906
2026-07-09T12:00:00+01:00,162.4770050048828,162.50999450683594,162.44900512695312,162.468994140625
2026-07-09T13:00:00+01:00,162.468994140625,162.4770050048828,162.38099670410156,162.43600463867188
2026-07-09T14:00:00+01:00,162.44400024414062,162.45399475097656,162.28799438476562,162.33099365234375
2026-07-09T15:00:00+01:00,162.33900451660156,162.42300415039062,162.2790069580078,162.3679962158203
2026-07-09T16:00:00+01:00,162.35800170898438,162.4149932861328,162.25,162.28700256347656
2026-07-09T17:00:00+01:00,162.281005859375,162.32699584960938,162.25100708007812,162.3159942626953
2026-07-09T18:00:00+01:00,162.3070068359375,162.3300018310547,162.26600646972656,162.28199768066406
2026-07-09T19:00:00+01:00,162.2830047607422,162.3769989013672,162.27999877929688,162.32899475097656
2026-07-09T20:00:00+01:00,162.32899475097656,162.4149932861328,162.31399536132812,162.38800048828125
2026-07-09T21:00:00+01:00,162.3800048828125,162.406005859375,162.32899475097656,162.35800170898438
2026-07-09T22:00:00+01:00,162.3419952392578,162.3939971923828,162.3280029296875,162.3509979248047
2026-07-09T23:00:00+01:00,162.34800720214844,162.4290008544922,162.31300354003906,162.3509979248047
2026-07-10T00:00:00+01:00,162.33900451660156,162.38800048828125,162.3300018310547,162.35800170898438
2026-07-10T01:00:00+01:00,162.35800170898438,162.4250030517578,161.88699340820312,162.04200744628906
2026-07-10T02:00:00+01:00,162.04600524902344,162.1060028076172,161.6300048828125,161.73199462890625
2026-07-10T03:00:00+01:00,161.73500061035156,161.75399780273438,161.2779998779297,161.447998046875
2026-07-10T04:00:00+01:00,161.44700622558594,161.5780029296875,161.343994140625,161.52000427246094
2026-07-10T05:00:00+01:00,161.51199340820312,161.7100067138672,161.51199340820312,161.6269989013672
2026-07-10T06:00:00+01:00,161.6269989013672,161.66700744628906,161.468994140625,161.5780029296875
2026-07-10T07:00:00+01:00,161.57400512695312,161.61599731445312,161.4040069580078,161.57400512695312
2026-07-10T08:00:00+01:00,161.57400512695312,161.77499389648438,161.5659942626953,161.69000244140625
2026-07-10T09:00:00+01:00,161.68899536132812,161.7469940185547,161.53199768066406,161.6790008544922
2026-07-10T10:00:00+01:00,161.6790008544922,161.86099243164062,161.6320037841797,161.82400512695312
2026-07-10T11:00:00+01:00,161.8209991455078,161.8300018310547,161.68899536132812,161.76100158691406
2026-07-10T12:00:00+01:00,161.75999450683594,161.88600158691406,161.74000549316406,161.84500122070312
2026-07-10T13:00:00+01:00,161.84300231933594,161.89500427246094,161.6790008544922,161.78799438476562
2026-07-10T14:00:00+01:00,161.78700256347656,161.86099243164062,161.71600341796875,161.75900268554688
2026-07-10T15:00:00+01:00,161.76800537109375,161.86900329589844,161.74099731445312,161.82200622558594
2026-07-10T16:00:00+01:00,161.82899475097656,161.84500122070312,161.2760009765625,161.31500244140625
2026-07-10T17:00:00+01:00,161.31199645996094,161.51300048828125,161.29400634765625,161.5030059814453
2026-07-10T18:00:00+01:00,161.51100158691406,161.6529998779297,161.48699951171875,161.63699340820312
2026-07-10T19:00:00+01:00,161.64199829101562,161.73500061035156,161.62399291992188,161.68099975585938
2026-07-10T20:00:00+01:00,161.6820068359375,161.74899291992188,161.67100524902344,161.72900390625
2026-07-10T21:00:00+01:00,161.72999572753906,161.76300048828125,161.6479949951172,161.6719970703125
2026-07-13T00:00:00+01:00,162.01400756835938,162.06900024414062,161.875,161.88800048828125
2026-07-13T01:00:00+01:00,161.8780059814453,162.10299682617188,161.8730010986328,162.08999633789062
2026-07-13T02:00:00+01:00,162.09500122070312,162.1739959716797,161.9499969482422,161.97300720214844
2026-07-13T03:00:00+01:00,161.97000122070312,162.093994140625,161.95399475097656,162.072998046875
2026-07-13T04:00:00+01:00,162.06700134277344,162.1269989013672,162.05799865722656,162.06399536132812
2026-07-13T05:00:00+01:00,162.06399536132812,162.0959930419922,161.95599365234375,161.9969940185547
2026-07-13T06:00:00+01:00,161.98899841308594,162.33799743652344,161.93299865722656,162.25799560546875
2026-07-13T07:00:00+01:00,162.26199340820312,162.35899353027344,162.19200134277344,162.24099731445312
2026-07-13T08:00:00+01:00,162.23300170898438,162.28199768066406,161.822998046875,162.0989990234375
2026-07-13T09:00:00+01:00,162.1020050048828,162.1439971923828,162.01100158691406,162.0760040283203
2026-07-13T10:00:00+01:00,162.072998046875,162.10400390625,161.9709930419922,161.98599243164062
2026-07-13T11:00:00+01:00,161.9929962158203,162.125,161.98300170898438,162.05999755859375
2026-07-13T12:00:00+01:00,162.06500244140625,162.14599609375,162.0229949951172,162.11599731445312
2026-07-13T13:00:00+01:00,162.11199951171875,162.1959991455078,162.0919952392578,162.10800170898438
2026-07-13T14:00:00+01:00,162.10800170898438,162.23199462890625,162.06700134277344,162.21800231933594
2026-07-13T15:00:00+01:00,162.218994140625,162.41299438476562,162.18099975585938,162.34300231933594
2026-07-13T16:00:00+01:00,162.35000610351562,162.3820037841797,162.2989959716797,162.32699584960938
2026-07-13T17:00:00+01:00,162.31700134277344,162.4669952392578,162.30299377441406,162.44900512695312
2026-07-13T18:00:00+01:00,162.447998046875,162.468994140625,162.41900634765625,162.4600067138672
2026-07-13T19:00:00+01:00,162.46400451660156,162.4810028076172,162.3489990234375,162.3509979248047
2026-07-13T20:00:00+01:00,162.3509979248047,162.4669952392578,162.34800720214844,162.4459991455078
2026-07-13T21:00:00+01:00,162.4459991455078,162.48800659179688,162.38800048828125,162.4320068359375
2026-07-13T22:00:00+01:00,162.35899353027344,162.45899963378906,162.31300354003906,162.427001953125
2026-07-13T23:00:00+01:00,162.427001953125,162.47300720214844,162.4029998779297,162.43499755859375
2026-07-14T00:00:00+01:00,162.44200134277344,162.45700073242188,162.38299560546875,162.41400146484375
2026-07-14T01:00:00+01:00,162.41299438476562,162.47000122070312,162.22300720214844,162.38400268554688
2026-07-14T02:00:00+01:00,162.3780059814453,162.42599487304688,162.31700134277344,162.38699340820312
2026-07-14T03:00:00+01:00,162.38999938964844,162.4149932861328,162.30299377441406,162.322998046875
2026-07-14T04:00:00+01:00,162.31700134277344,162.37399291992188,162.2220001220703,162.28799438476562
2026-07-14T05:00:00+01:00,162.28399658203125,162.3419952392578,162.25599670410156,162.32000732421875
2026-07-14T06:00:00+01:00,162.31300354003906,162.31900024414062,162.23599243164062,162.28900146484375
2026-07-14T07:00:00+01:00,162.28399658203125,162.3719940185547,162.27000427246094,162.3470001220703
2026-07-14T08:00:00+01:00,162.33900451660156,162.3730010986328,162.2899932861328,162.33999633789062
2026-07-14T09:00:00+01:00,162.33799743652344,162.38800048828125,162.0399932861328,162.26600646972656
2026-07-14T10:00:00+01:00,162.27000427246094,162.2830047607422,162.1490020751953,162.17799377441406
2026-07-14T11:00:00+01:00,162.17599487304688,162.26400756835938,162.1490020751953,162.24400329589844
2026-07-14T12:00:00+01:00,162.2469940185547,162.27699279785156,162.177001953125,162.19500732421875
2026-07-14T13:00:00+01:00,162.1929931640625,162.23500061035156,161.58799743652344,161.91200256347656
2026-07-14T14:00:00+01:00,161.90199279785156,161.97900390625,161.822998046875,161.92599487304688
2026-07-14T15:00:00+01:00,161.91900634765625,162.01699829101562,161.82000732421875,161.96499633789062
2026-07-14T16:00:00+01:00,161.96499633789062,162.17100524902344,161.86900329589844,162.14500427246094
2026-07-14T17:00:00+01:00,162.13800048828125,162.20199584960938,162.1009979248047,162.10899353027344
2026-07-14T18:00:00+01:00,162.10699462890625,162.23699951171875,162.10699462890625,162.19200134277344
2026-07-14T19:00:00+01:00,162.18800354003906,162.28799438476562,162.156005859375,162.18699645996094
2026-07-14T20:00:00+01:00,162.19200134277344,162.21499633789062,162.1269989013672,162.2100067138672
2026-07-14T21:00:00+01:00,162.20399475097656,162.27000427246094,162.19900512695312,162.23300170898438
2026-07-14T22:00:00+01:00,162.2239990234375,162.25399780273438,162.13400268554688,162.18800354003906
2026-07-14T23:00:00+01:00,162.18899536132812,162.26600646972656,162.1580047607422,162.2259979248047
2026-07-15T00:00:00+01:00,162.2259979248047,162.24000549316406,162.156005859375,162.18699645996094
2026-07-15T01:00:00+01:00,162.18899536132812,162.24000549316406,162.07000732421875,162.0989990234375
2026-07-15T02:00:00+01:00,162.09800720214844,162.1280059814453,161.95700073242188,162.0970001220703
2026-07-15T03:00:00+01:00,162.08900451660156,162.12399291992188,162.02699279785156,162.1020050048828
2026-07-15T04:00:00+01:00,162.10299682617188,162.18099975585938,162.0780029296875,162.14300537109375
2026-07-15T05:00:00+01:00,162.13299560546875,162.22999572753906,162.1280059814453,162.21200561523438
2026-07-15T06:00:00+01:00,162.2050018310547,162.23699951171875,162.16700744628906,162.1959991455078
2026-07-15T07:00:00+01:00,162.1959991455078,162.21600341796875,162.09300231933594,162.20199584960938
2026-07-15T08:00:00+01:00,162.20799255371094,162.31100463867188,162.19000244140625,162.26800537109375
2026-07-15T09:00:00+01:00,162.26100158691406,162.3509979248047,162.23800659179688,162.2899932861328
2026-07-15T10:00:00+01:00,162.2899932861328,162.3730010986328,162.23599243164062,162.35800170898438
2026-07-15T11:00:00+01:00,162.35800170898438,162.42300415039062,162.30299377441406,162.3280029296875
2026-07-15T12:00:00+01:00,162.3209991455078,162.39500427246094,162.28799438476562,162.3459930419922
2026-07-15T13:00:00+01:00,162.3350067138672,162.39500427246094,162.13400268554688,162.15699768066406
2026-07-15T14:00:00+01:00,162.156005859375,162.27999877929688,162.12399291992188,162.2010040283203
2026-07-15T15:00:00+01:00,162.2010040283203,162.23800659179688,162.11700439453125,162.14300537109375
2026-07-15T16:00:00+01:00,162.13499450683594,162.21600341796875,162.06900024414062,162.1269989013672
2026-07-15T17:00:00+01:00,162.125,162.19900512695312,162.11000061035156,162.1580047607422
2026-07-15T18:00:00+01:00,162.15899658203125,162.1699981689453,161.96099853515625,161.97999572753906
2026-07-15T19:00:00+01:00,161.98699951171875,162.06199645996094,161.88499450683594,162.04600524902344
2026-07-15T20:00:00+01:00,162.0399932861328,162.28399658203125,162.0050048828125,162.2239990234375
2026-07-15T21:00:00+01:00,162.2239990234375,162.23300170898438,162.1529998779297,162.1719970703125
2026-07-15T22:00:00+01:00,162.156005859375,162.25,162.0679931640625,162.1009979248047
2026-07-15T23:00:00+01:00,162.1009979248047,162.15199279785156,162.04400634765625,162.11300659179688
2026-07-16T00:00:00+01:00,162.11199951171875,162.12399291992188,162.0229949951172,162.07400512695312
2026-07-16T01:00:00+01:00,162.06700134277344,162.15499877929688,162.0449981689453,162.09300231933594
2026-07-16T02:00:00+01:00,162.09300231933594,162.11900329589844,162.0229949951172,162.10899353027344
2026-07-16T03:00:00+01:00,162.10499572753906,162.16900634765625,162.08099365234375,162.14500427246094
2026-07-16T04:00:00+01:00,162.1439971923828,162.16000366210938,162.06300354003906,162.08200073242188
2026-07-16T05:00:00+01:00,162.08200073242188,162.14199829101562,162.0749969482422,162.0919952392578
2026-07-16T06:00:00+01:00,162.09300231933594,162.1820068359375,162.0749969482422,162.15899658203125
2026-07-16T07:00:00+01:00,162.14999389648438,162.17599487304688,162.10400390625,162.11199951171875
2026-07-16T08:00:00+01:00,162.1199951171875,162.12899780273438,161.9770050048828,162.0760040283203
2026-07-16T09:00:00+01:00,162.0760040283203,162.1790008544922,162.0590057373047,162.14599609375
2026-07-16T10:00:00+01:00,162.13699340820312,162.1959991455078,162.10499572753906,162.16700744628906
2026-07-16T11:00:00+01:00,162.16900634765625,162.19400024414062,162.1230010986328,162.14300537109375
2026-07-16T12:00:00+01:00,162.1439971923828,162.23300170898438,162.10800170898438,162.1479949951172
2026-07-16T13:00:00+01:00,162.15499877929688,162.30099487304688,162.1230010986328,162.29600524902344
2026-07-16T14:00:00+01:00,162.2899932861328,162.34800720214844,162.20700073242188,162.32400512695312
2026-07-16T15:00:00+01:00,162.3249969482422,162.4530029296875,162.30099487304688,162.4409942626953
2026-07-16T16:00:00+01:00,162.44000244140625,162.4770050048828,162.4040069580078,162.41700744628906
2026-07-16T17:00:00+01:00,162.41700744628906,162.54600524902344,162.41299438476562,162.46400451660156
2026-07-16T18:00:00+01:00,162.4759979248047,162.50599670410156,162.38800048828125,162.40499877929688
2026-07-16T19:00:00+01:00,162.40499877929688,162.4250030517578,162.36300659179688,162.3820037841797
2026-07-16T20:00:00+01:00,162.38900756835938,162.43299865722656,162.37100219726562,162.39500427246094
2026-07-16T21:00:00+01:00,162.3939971923828,162.406005859375,162.33299255371094,162.3820037841797
2026-07-16T22:00:00+01:00,162.37600708007812,162.4250030517578,162.32400512695312,162.3520050048828
2026-07-16T23:00:00+01:00,162.343994140625,162.38299560546875,162.2949981689453,162.36399841308594
2026-07-17T00:00:00+01:00,162.3520050048828,162.39500427246094,162.31199645996094,162.3730010986328
2026-07-17T01:00:00+01:00,162.37399291992188,162.45599365234375,162.3520050048828,162.42100524902344
2026-07-17T02:00:00+01:00,162.4149932861328,162.47500610351562,162.4029998779297,162.4669952392578
2026-07-17T03:00:00+01:00,162.46299743652344,162.468994140625,162.33399963378906,162.36399841308594
2026-07-17T04:00:00+01:00,162.36399841308594,162.41099548339844,162.3509979248047,162.38800048828125
2026-07-17T05:00:00+01:00,162.3939971923828,162.43099975585938,162.36199951171875,162.41799926757812
2026-07-17T06:00:00+01:00,162.4149932861328,162.44500732421875,162.36000061035156,162.4010009765625
2026-07-17T07:00:00+01:00,162.39500427246094,162.42300415039062,162.11099243164062,162.26400756835938
2026-07-17T08:00:00+01:00,162.25999450683594,162.29200744628906,162.1439971923828,162.2830047607422
2026-07-17T09:00:00+01:00,162.28500366210938,162.42300415039062,162.25399780273438,162.38299560546875
2026-07-17T10:00:00+01:00,162.38299560546875,162.4530029296875,162.3489990234375,162.35699462890625
2026-07-17T11:00:00+01:00,162.36300659179688,162.41900634765625,162.34800720214844,162.35899353027344
2026-07-17T12:00:00+01:00,162.36000061035156,162.3719940185547,162.2949981689453,162.36199951171875
2026-07-17T13:00:00+01:00,162.3560028076172,162.41900634765625,162.2949981689453,162.4040069580078
2026-07-17T14:00:00+01:00,162.41099548339844,162.44400024414062,162.3159942626953,162.3520050048828
2026-07-17T15:00:00+01:00,162.33700561523438,162.41200256347656,162.32200622558594,162.4040069580078
2026-07-17T16:00:00+01:00,162.4029998779297,162.44000244140625,162.3419952392578,162.4239959716797
2026-07-17T17:00:00+01:00,162.42799377441406,162.5189971923828,162.42300415039062,162.43299865722656
2026-07-17T18:00:00+01:00,162.4219970703125,162.4770050048828,162.39599609375,162.4409942626953
2026-07-17T19:00:00+01:00,162.4409942626953,162.46099853515625,162.4080047607422,162.43800354003906
2026-07-17T20:00:00+01:00,162.44400024414062,162.47500610351562,162.3769989013672,162.3800048828125
2026-07-17T21:00:00+01:00,162.3800048828125,162.44500732421875,162.33399963378906,162.35299682617188
2026-07-20T00:00:00+01:00,162.50399780273438,162.54800415039062,162.4720001220703,162.51199340820312
2026-07-20T01:00:00+01:00,162.51199340820312,162.53799438476562,162.32000732421875,162.33900451660156
2026-07-20T02:00:00+01:00,162.32699584960938,162.41299438476562,162.2969970703125,162.36099243164062
2026-07-20T03:00:00+01:00,162.3560028076172,162.37399291992188,162.3249969482422,162.36700439453125
2026-07-20T04:00:00+01:00,162.36300659179688,162.3800048828125,162.3459930419922,162.36700439453125
2026-07-20T05:00:00+01:00,162.36700439453125,162.38600158691406,162.32000732421875,162.3350067138672
2026-07-20T06:00:00+01:00,162.33099365234375,162.375,162.31199645996094,162.37399291992188
2026-07-20T07:00:00+01:00,162.36399841308594,162.41600036621094,162.35000610351562,162.40499877929688
2026-07-20T08:00:00+01:00,162.4040069580078,162.4530029296875,162.30799865722656,162.35699462890625
2026-07-20T09:00:00+01:00,162.35800170898438,162.37899780273438,162.32699584960938,162.37100219726562
2026-07-20T10:00:00+01:00,162.36300659179688,162.43600463867188,162.35899353027344,162.40899658203125
2026-07-20T11:00:00+01:00,162.41000366210938,162.42999267578125,162.3820037841797,162.39999389648438
2026-07-20T12:00:00+01:00,162.3979949951172,162.42799377441406,162.18800354003906,162.3419952392578
2026-07-20T13:00:00+01:00,162.34500122070312,162.43099975585938,162.33700561523438,162.40199279785156
2026-07-20T14:00:00+01:00,162.406005859375,162.47799682617188,162.3820037841797,162.468994140625
2026-07-20T15:00:00+01:00,162.4770050048828,162.58900451660156,162.45899963378906,162.5189971923828
2026-07-20T16:00:00+01:00,162.51699829101562,162.58700561523438,162.51600646972656,162.56300354003906
2026-07-20T17:00:00+01:00,162.56300354003906,162.60000610351562,162.51600646972656,162.51600646972656
2026-07-20T18:00:00+01:00,162.52099609375,162.531005859375,162.4499969482422,162.45899963378906
2026-07-20T19:00:00+01:00,162.45799255371094,162.53399658203125,162.41400146484375,162.49899291992188
2026-07-20T20:00:00+01:00,162.49899291992188,162.51699829101562,162.45199584960938,162.51100158691406
2026-07-20T21:00:00+01:00,162.51100158691406,162.53199768066406,162.46800231933594,162.47500610351562
2026-07-20T22:00:00+01:00,162.4770050048828,162.50999450683594,162.43699645996094,162.48500061035156
2026-07-20T23:00:00+01:00,162.4409942626953,162.51699829101562,162.41000366210938,162.4980010986328
2026-07-21T00:00:00+01:00,162.49099731445312,162.50900268554688,162.47900390625,162.47999572753906
2026-07-21T01:00:00+01:00,162.47999572753906,162.53599548339844,162.43800354003906,162.5290069580078
2026-07-21T02:00:00+01:00,162.5290069580078,162.53700256347656,162.42599487304688,162.5019989013672
2026-07-21T03:00:00+01:00,162.50100708007812,162.5260009765625,162.4770050048828,162.48800659179688
2026-07-21T04:00:00+01:00,162.48800659179688,162.51699829101562,162.4459991455078,162.48599243164062
2026-07-21T05:00:00+01:00,162.48199462890625,162.5,162.46400451660156,162.48300170898438
2026-07-21T06:00:00+01:00,162.48300170898438,162.52699279785156,162.46200561523438,162.5070037841797
2026-07-21T07:00:00+01:00,162.5030059814453,162.5590057373047,162.47999572753906,162.52099609375
2026-07-21T08:00:00+01:00,162.52000427246094,162.6179962158203,162.51600646972656,162.59500122070312
2026-07-21T09:00:00+01:00,162.5959930419922,162.6999969482422,162.57699584960938,162.68600463867188
2026-07-21T10:00:00+01:00,162.677001953125,162.6959991455078,162.60899353027344,162.66200256347656
2026-07-21T11:00:00+01:00,162.66200256347656,162.70599365234375,162.63499450683594,162.67100524902344
2026-07-21T12:00:00+01:00,162.66200256347656,162.75799560546875,162.64599609375,162.7259979248047
2026-07-21T13:00:00+01:00,162.7239990234375,162.80099487304688,162.69000244140625,162.71800231933594
2026-07-21T14:00:00+01:00,162.7209930419922,162.8939971923828,162.71800231933594,162.86399841308594
2026-07-21T15:00:00+01:00,162.86500549316406,163.04200744628906,162.85299682617188,163.01100158691406
2026-07-21T16:00:00+01:00,163.01499938964844,163.03799438476562,162.9080047607422,163.01499938964844
2026-07-21T17:00:00+01:00,163.01199340820312,163.02999877929688,162.9499969482422,163.00100708007812
2026-07-21T18:00:00+01:00,163.0050048828125,163.02999877929688,162.96800231933594,163.0260009765625
2026-07-21T19:00:00+01:00,163.0279998779297,163.23699951171875,163.02099609375,163.18299865722656
2026-07-21T20:00:00+01:00,163.1820068359375,163.2209930419922,163.15699768066406,163.1999969482422
2026-07-21T21:00:00+01:00,163.20199584960938,163.23899841308594,163.1540069580078,163.16900634765625
2026-07-21T22:00:00+01:00,163.14999389648438,163.1820068359375,163.1060028076172,163.14100646972656
2026-07-21T23:00:00+01:00,163.14100646972656,163.21499633789062,163.13600158691406,163.19900512695312
2026-07-22T00:00:00+01:00,163.19900512695312,163.22799682617188,163.1790008544922,163.18299865722656
2026-07-22T01:00:00+01:00,163.18499755859375,163.20700073242188,163.02200317382812,163.13099670410156
2026-07-22T02:00:00+01:00,163.1320037841797,163.20399475097656,163.09800720214844,163.14300537109375
2026-07-22T03:00:00+01:00,163.1439971923828,163.17999267578125,163.0659942626953,163.1199951171875
2026-07-22T04:00:00+01:00,163.11599731445312,163.16799926757812,163.10699462890625,163.1540069580078
2026-07-22T05:00:00+01:00,163.14999389648438,163.19700622558594,163.14300537109375,163.1699981689453
2026-07-22T06:00:00+01:00,163.16700744628906,163.18800354003906,163.07699584960938,163.08700561523438
2026-07-22T07:00:00+01:00,163.08200073242188,163.14500427246094,163.04200744628906,163.0850067138672
2026-07-22T08:00:00+01:00,163.08900451660156,163.13699340820312,162.66200256347656,162.93600463867188
2026-07-22T09:00:00+01:00,162.94200134277344,163.11300659179688,162.9040069580078,162.95899963378906
2026-07-22T10:00:00+01:00,162.95700073242188,163.052001953125,162.93800354003906,163.02699279785156
2026-07-22T11:00:00+01:00,163.02699279785156,163.07699584960938,163.0,163.01600646972656
2026-07-22T12:00:00+01:00,163.01600646972656,163.0800018310547,162.98699951171875,163.07000732421875
2026-07-22T13:00:00+01:00,163.07000732421875,163.13600158691406,163.0330047607422,163.1020050048828
2026-07-22T14:00:00+01:00,163.0989990234375,163.10899353027344,163.0050048828125,163.052001953125
2026-07-22T15:00:00+01:00,163.052001953125,163.1199951171875,163.03399658203125,163.11500549316406
2026-07-22T16:00:00+01:00,163.11300659179688,163.13299560546875,163.06199645996094,163.07899475097656
2026-07-22T17:00:00+01:00,163.0760040283203,163.12600708007812,163.05999755859375,163.11000061035156
2026-07-22T18:00:00+01:00,163.1060028076172,163.17799377441406,163.1009979248047,163.156005859375
2026-07-22T19:00:00+01:00,163.1529998779297,163.1739959716797,163.10000610351562,163.1230010986328
2026-07-22T20:00:00+01:00,163.1269989013672,163.16099548339844,163.11199951171875,163.14700317382812
2026-07-22T21:00:00+01:00,163.1479949951172,163.16600036621094,163.1269989013672,163.13099670410156
2026-07-22T22:00:00+01:00,163.11599731445312,163.12899780273438,163.0540008544922,163.08900451660156
2026-07-22T23:00:00+01:00,163.08099365234375,163.15199279785156,163.05099487304688,163.1199951171875
2026-07-23T00:00:00+01:00,163.1060028076172,163.125,163.08099365234375,163.08099365234375
2026-07-23T01:00:00+01:00,163.08099365234375,163.13999938964844,163.03599548339844,163.04600524902344
2026-07-23T02:00:00+01:00,163.04600524902344,163.08700561523438,162.98699951171875,163.06399536132812
2026-07-23T03:00:00+01:00,163.052001953125,163.07699584960938,163.0399932861328,163.0500030517578
2026-07-23T04:00:00+01:00,163.06900024414062,163.08599853515625,163.0260009765625,163.04299926757812
2026-07-23T05:00:00+01:00,163.03900146484375,163.08399963378906,163.02200317382812,163.07200622558594
2026-07-23T06:00:00+01:00,163.0659942626953,163.11000061035156,163.05999755859375,163.10899353027344
2026-07-23T07:00:00+01:00,163.10400390625,163.1199951171875,163.06300354003906,163.10400390625
2026-07-23T08:00:00+01:00,163.10400390625,163.427001953125,163.10400390625,163.31199645996094
2026-07-23T09:00:00+01:00,163.31100463867188,163.4409942626953,163.2779998779297,163.33399963378906
2026-07-23T10:00:00+01:00,163.3300018310547,163.39700317382812,163.2830047607422,163.37100219726562
2026-07-23T11:00:00+01:00,163.3679962158203,163.38400268554688,163.33999633789062,163.35400390625
2026-07-23T12:00:00+01:00,163.3679962158203,163.6479949951172,163.2989959716797,163.48199462890625
2026-07-23T13:00:00+01:00,163.49000549316406,163.75799560546875,163.44700622558594,163.66600036621094
2026-07-23T14:00:00+01:00,163.6739959716797,163.96499633789062,163.65899658203125,163.95799255371094
2026-07-23T15:00:00+01:00,163.96299743652344,163.98800659179688,163.86599731445312,163.91799926757812
2026-07-23T16:00:00+01:00,163.91700744628906,163.95399475097656,163.7689971923828,163.88999938964844
2026-07-23T17:00:00+01:00,163.7989959716797,163.8350067138672,163.71299743652344,163.76400756835938
2026-07-23T18:00:00+01:00,163.76400756835938,163.843994140625,163.7100067138672,163.84100341796875
2026-07-23T19:00:00+01:00,163.83900451660156,163.8470001220703,163.77099609375,163.7969970703125
2026-07-23T20:00:00+01:00,163.80299377441406,163.85699462890625,163.76400756835938,163.81900024414062
2026-07-23T21:00:00+01:00,163.81700134277344,163.8769989013672,163.79200744628906,163.85299682617188
2026-07-23T22:00:00+01:00,163.81399536132812,163.91600036621094,163.73500061035156,163.7790069580078
2026-07-23T23:00:00+01:00,163.7830047607422,163.8509979248047,163.74000549316406,163.843994140625
2026-07-24T00:00:00+01:00,163.83599853515625,163.8699951171875,163.7969970703125,163.83599853515625
2026-07-24T01:00:00+01:00,163.83200073242188,163.94000244140625,163.78900146484375,163.8179931640625
2026-07-24T02:00:00+01:00,163.81199645996094,163.86199951171875,163.71800231933594,163.7689971923828
2026-07-24T03:00:00+01:00,163.77200317382812,163.80799865722656,163.7220001220703,163.77000427246094
2026-07-24T04:00:00+01:00,163.77099609375,163.86700439453125,163.76400756835938,163.80299377441406
2026-07-24T05:00:00+01:00,163.8040008544922,163.8470001220703,163.7740020751953,163.8280029296875
2026-07-24T06:00:00+01:00,163.8209991455078,163.8470001220703,163.7899932861328,163.8419952392578
2026-07-24T07:00:00+01:00,163.83299255371094,163.84800720214844,163.75799560546875,163.75900268554688
2026-07-24T08:00:00+01:00,163.75999450683594,163.802001953125,163.6439971923828,163.76100158691406
2026-07-24T09:00:00+01:00,163.75999450683594,163.81199645996094,163.7169952392578,163.7259979248047
2026-07-24T10:00:00+01:00,163.7239990234375,163.76600646972656,163.67799377441406,163.68299865722656
2026-07-24T11:00:00+01:00,163.68899536132812,163.73500061035156,163.66900634765625,163.71299743652344
2026-07-24T12:00:00+01:00,163.78599548339844,163.83999633789062,163.75399780273438,163.79600524902344
2026-07-24T13:00:00+01:00,163.802001953125,163.86399841308594,163.79299926757812,163.8459930419922
2026-07-24T14:00:00+01:00,163.84800720214844,163.8800048828125,163.7729949951172,163.7790069580078
2026-07-24T15:00:00+01:00,163.77699279785156,163.83599853515625,163.68800354003906,163.75399780273438
2026-07-24T16:00:00+01:00,163.7550048828125,163.7729949951172,163.6580047607422,163.68299865722656
2026-07-24T17:00:00+01:00,163.71099853515625,163.77999877929688,163.697998046875,163.7779998779297
2026-07-24T18:00:00+01:00,163.7790069580078,163.83900451660156,163.76800537109375,163.81300354003906
2026-07-24T19:00:00+01:00,163.8070068359375,163.8560028076172,163.79200744628906,163.83599853515625
2026-07-24T20:00:00+01:00,163.8419952392578,163.85400390625,163.80299377441406,163.84800720214844
2026-07-24T21:00:00+01:00,163.8470001220703,163.8699951171875,163.79100036621094,163.79100036621094
2026-07-27T00:00:00+01:00,163.69000244140625,163.6999969482422,163.6020050048828,163.61099243164062
2026-07-27T01:00:00+01:00,163.61599731445312,163.65499877929688,163.51300048828125,163.62899780273438
2026-07-27T02:00:00+01:00,163.6269989013672,163.63800048828125,163.4720001220703,163.4720001220703
2026-07-27T03:00:00+01:00,163.47300720214844,163.58200073242188,163.44900512695312,163.57000732421875
2026-07-27T04:00:00+01:00,163.57000732421875,163.61399841308594,163.5469970703125,163.572998046875
2026-07-27T05:00:00+01:00,163.5709991455078,163.59800720214844,163.54400634765625,163.57200622558594
2026-07-27T06:00:00+01:00,163.572998046875,163.60699462890625,163.55299377441406,163.58399963378906
2026-07-27T07:00:00+01:00,163.58399963378906,163.60400390625,163.5030059814453,163.5070037841797
2026-07-27T08:00:00+01:00,163.51499938964844,163.53799438476562,163.3209991455078,163.52099609375
2026-07-27T09:00:00+01:00,163.52000427246094,163.5570068359375,163.48699951171875,163.52000427246094
2026-07-27T10:00:00+01:00,163.51600646972656,163.60699462890625,163.49000549316406,163.52499389648438
2026-07-27T11:00:00+01:00,163.52499389648438,163.60000610351562,163.52499389648438,163.5919952392578
2026-07-27T12:00:00+01:00,163.5850067138672,163.6490020751953,163.58200073242188,163.61199951171875
2026-07-27T13:00:00+01:00,163.63999938964844,163.70599365234375,163.6199951171875,163.68600463867188
2026-07-27T14:00:00+01:00,163.68600463867188,163.75900268554688,163.64700317382812,163.7429962158203
2026-07-27T15:00:00+01:00,163.74400329589844,163.76800537109375,163.68800354003906,163.697998046875
2026-07-27T16:00:00+01:00,163.70199584960938,163.7239990234375,163.65199279785156,163.69700622558594
2026-07-27T17:00:00+01:00,163.70899963378906,163.71499633789062,163.57899475097656,163.6490020751953
2026-07-27T18:00:00+01:00,163.65199279785156,163.73500061035156,163.64599609375,163.72300720214844
2026-07-27T19:00:00+01:00,163.72300720214844,163.7899932861328,163.6840057373047,163.7760009765625
2026-07-27T20:00:00+01:00,163.7760009765625,163.7760009765625,163.6909942626953,163.73300170898438
2026-07-27T21:00:00+01:00,163.73399353027344,163.7689971923828,163.71800231933594,163.7449951171875
2026-07-27T22:00:00+01:00,163.67300415039062,163.718994140625,163.6540069580078,163.71299743652344
2026-07-27T23:00:00+01:00,163.71200561523438,163.76199340820312,163.6929931640625,163.74000549316406
2026-07-28T00:00:00+01:00,163.74000549316406,163.78599548339844,163.7100067138672,163.77099609375
2026-07-28T01:00:00+01:00,163.77099609375,163.84300231933594,163.7310028076172,163.73800659179688
2026-07-28T02:00:00+01:00,163.7449951171875,163.79200744628906,163.70799255371094,163.76800537109375
2026-07-28T03:00:00+01:00,163.75900268554688,163.79200744628906,163.66900634765625,163.70799255371094
2026-07-28T04:00:00+01:00,163.70700073242188,163.7689971923828,163.6929931640625,163.75599670410156
2026-07-28T05:00:00+01:00,163.75599670410156,163.7779998779297,163.73899841308594,163.7449951171875
2026-07-28T06:00:00+01:00,163.74400329589844,163.77200317382812,163.7169952392578,163.73300170898438
2026-07-28T07:00:00+01:00,163.73300170898438,163.74200439453125,163.66200256347656,163.70899963378906
2026-07-28T08:00:00+01:00,163.70399475097656,163.79400634765625,163.70399475097656,163.78399658203125
2026-07-28T09:00:00+01:00,163.7790069580078,163.85299682617188,163.75399780273438,163.81900024414062
2026-07-28T10:00:00+01:00,163.8209991455078,163.88900756835938,163.8040008544922,163.87399291992188
2026-07-28T11:00:00+01:00,163.875,163.93600463867188,163.85899353027344,163.9320068359375
2026-07-28T12:00:00+01:00,163.93099975585938,163.93800354003906,163.89999389648438,163.927001953125
2026-07-28T13:00:00+01:00,163.927001953125,163.9340057373047,163.83700561523438,163.8719940185547
2026-07-28T14:00:00+01:00,163.875,163.88499450683594,163.81199645996094,163.8179931640625
2026-07-28T15:00:00+01:00,163.82699584960938,163.8820037841797,163.81199645996094,163.86300659179688
2026-07-28T16:00:00+01:00,163.86300659179688,163.86599731445312,163.63800048828125,163.66799926757812
2026-07-28T17:00:00+01:00,163.64999389648438,163.7480010986328,163.63800048828125,163.73699951171875
2026-07-28T18:00:00+01:00,163.73699951171875,163.81500244140625,163.71200561523438,163.8000030517578
2026-07-28T19:00:00+01:00,163.79800415039062,163.86099243164062,163.76499938964844,163.8560028076172
2026-07-28T20:00:00+01:00,163.85299682617188,163.87100219726562,163.82000732421875,163.85499572753906
2026-07-28T21:00:00+01:00,163.85400390625,163.88900756835938,163.80799865722656,163.81100463867188
2026-07-28T22:00:00+01:00,163.781005859375,163.83999633789062,163.64999389648438,163.79400634765625
2026-07-28T23:00:00+01:00,163.7790069580078,163.88999938964844,163.7689971923828,163.8419952392578
2026-07-29T00:00:00+01:00,163.8489990234375,163.87399291992188,163.83700561523438,163.85899353027344
2026-07-29T01:00:00+01:00,163.85899353027344,163.88299560546875,163.66200256347656,163.69500732421875
2026-07-29T02:00:00+01:00,163.7050018310547,163.77999877929688,163.677001953125,163.71299743652344
2026-07-29T03:00:00+01:00,163.718994140625,163.7530059814453,163.6510009765625,163.7169952392578
2026-07-29T04:00:00+01:00,163.71400451660156,163.72300720214844,163.55499267578125,163.62600708007812
2026-07-29T05:00:00+01:00,163.6179962158203,163.625,163.27200317382812,163.42300415039062
2026-07-29T06:00:00+01:00,163.41799926757812,163.4969940185547,163.33700561523438,163.49400329589844
2026-07-29T07:00:00+01:00,163.49400329589844,163.58099365234375,163.4459991455078,163.52999877929688
2026-07-29T08:00:00+01:00,163.52499389648438,163.6929931640625,163.48899841308594,163.6790008544922
2026-07-29T09:00:00+01:00,163.67300415039062,163.69400024414062,163.5500030517578,163.5780029296875
2026-07-29T10:00:00+01:00,163.57899475097656,163.6179962158203,163.4969940185547,163.60499572753906
2026-07-29T11:00:00+01:00,163.60699462890625,163.6959991455078,163.5970001220703,163.6750030517578
2026-07-29T12:00:00+01:00,163.66099548339844,163.68800354003906,163.63299560546875,163.63900756835938
2026-07-29T13:00:00+01:00,163.63699340820312,163.8209991455078,163.62600708007812,163.8000030517578
2026-07-29T14:00:00+01:00,163.79200744628906,163.81199645996094,163.72300720214844,163.7449951171875
2026-07-29T15:00:00+01:00,163.74400329589844,163.88699340820312,163.7310028076172,163.88299560546875
2026-07-29T16:00:00+01:00,163.8820037841797,163.88800048828125,163.822998046875,163.83900451660156
2026-07-29T17:00:00+01:00,163.85299682617188,163.9040069580078,163.8520050048828,163.88800048828125
2026-07-29T18:00:00+01:00,163.88600158691406,163.89700317382812,163.75999450683594,163.76300048828125
2026-07-29T19:00:00+01:00,163.78399658203125,163.8470001220703,163.30999755859375,163.31700134277344
2026-07-29T20:00:00+01:00,163.31199645996094,163.5189971923828,163.2239990234375,163.50799560546875
2026-07-29T21:00:00+01:00,163.50799560546875,163.57000732421875,163.343994140625,163.3699951171875
2026-07-29T22:00:00+01:00,163.37600708007812,163.41400146484375,163.33200073242188,163.3769989013672
2026-07-29T23:00:00+01:00,163.37600708007812,163.45399475097656,163.35899353027344,163.37600708007812
2026-07-30T00:00:00+01:00,163.375,163.38900756835938,163.26300048828125,163.3000030517578
2026-07-30T01:00:00+01:00,163.30799865722656,163.51699829101562,163.20199584960938,163.4929962158203
2026-07-30T02:00:00+01:00,163.48599243164062,163.53500366210938,163.4080047607422,163.5019989013672
2026-07-30T03:00:00+01:00,163.4969940185547,163.50599670410156,163.44400024414062,163.48300170898438
2026-07-30T04:00:00+01:00,163.48300170898438,163.55299377441406,163.4810028076172,163.49600219726562
2026-07-30T05:00:00+01:00,163.4949951171875,163.52000427246094,163.45599365234375,163.48399353027344
2026-07-30T06:00:00+01:00,163.48500061035156,163.54800415039062,163.44900512695312,163.53199768066406
2026-07-30T07:00:00+01:00,163.53199768066406,163.6439971923828,163.52699279785156,163.63400268554688
2026-07-30T08:00:00+01:00,163.63099670410156,163.73899841308594,163.55299377441406,163.73199462890625
2026-07-30T09:00:00+01:00,163.7220001220703,163.73500061035156,163.5989990234375,163.6479949951172
2026-07-30T10:00:00+01:00,163.64500427246094,163.6510009765625,163.27499389648438,163.30599975585938
2026-07-30T11:00:00+01:00,163.30099487304688,163.31399536132812,162.25799560546875,162.78799438476562
2026-07-30T12:00:00+01:00,162.81700134277344,163.04299926757812,162.71200561523438,162.88699340820312
2026-07-30T13:00:00+01:00,162.88800048828125,162.95700073242188,162.68600463867188,162.95599365234375
2026-07-30T14:00:00+01:00,162.9510040283203,162.95899963378906,159.7209930419922,159.7449951171875
2026-07-30T15:00:00+01:00,159.74000549316406,159.9550018310547,157.92300415039062,159.2779998779297
2026-07-30T16:00:00+01:00,159.27999877929688,159.6219940185547,158.87399291992188,159.47500610351562
2026-07-30T17:00:00+01:00,159.46299743652344,159.68899536132812,159.36300659179688,159.56199645996094
2026-07-30T18:00:00+01:00,159.57200622558594,159.84500122070312,158.4980010986328,158.99600219726562
2026-07-30T19:00:00+01:00,158.9810028076172,159.0989990234375,158.83599853515625,158.88800048828125
2026-07-30T20:00:00+01:00,158.8820037841797,159.43099975585938,158.8820037841797,159.33700561523438
2026-07-30T21:00:00+01:00,159.3459930419922,159.60499572753906,159.33399963378906,159.5240020751953
2026-07-30T22:00:00+01:00,159.52200317382812,159.67100524902344,159.42100524902344,159.61900329589844
2026-07-30T23:00:00+01:00,159.64599609375,159.78399658203125,159.35299682617188,159.70399475097656
2026-07-31T00:00:00+01:00,159.6439971923828,160.21299743652344,159.56399536132812,160.1739959716797
2026-07-31T01:00:00+01:00,160.18699645996094,160.69000244140625,160.13600158691406,160.53599548339844
2026-07-31T02:00:00+01:00,160.531005859375,160.74600219726562,160.32400512695312,160.7270050048828
2026-07-31T03:00:00+01:00,160.73800659179688,160.74000549316406,160.427001953125,160.51199340820312
2026-07-31T04:00:00+01:00,160.49000549316406,160.8780059814453,160.4550018310547,160.60800170898438
2026-07-31T05:00:00+01:00,160.60299682617188,160.80599975585938,160.55499267578125,160.6820068359375
2026-07-31T06:00:00+01:00,160.67300415039062,160.7480010986328,160.53599548339844,160.5970001220703
2026-07-31T07:00:00+01:00,160.59300231933594,160.60800170898438,159.92100524902344,160.28199768066406
2026-07-31T08:00:00+01:00,160.28900146484375,160.64700317382812,160.19900512695312,160.1999969482422
2026-07-31T09:00:00+01:00,160.20399475097656,160.51800537109375,158.51800537109375,158.92300415039062
2026-07-31T10:00:00+01:00,158.92100524902344,160.08700561523438,158.5500030517578,159.98899841308594
2026-07-31T11:00:00+01:00,159.99600219726562,160.14100646972656,159.85299682617188,159.98399353027344
2026-07-31T12:00:00+01:00,159.98500061035156,160.25799560546875,159.98199462890625,160.20799255371094
2026-07-31T13:00:00+01:00,160.2050018310547,160.4530029296875,160.16099548339844,160.36500549316406
2026-07-31T14:00:00+01:00,160.37399291992188,160.53900146484375,159.1230010986328,159.48199462890625
2026-07-31T15:00:00+01:00,159.4949951171875,159.55799865722656,158.89500427246094,159.23699951171875
2026-07-31T16:00:00+01:00,159.24000549316406,159.4250030517578,158.84300231933594,159.26400756835938
2026-07-31T17:00:00+01:00,159.16600036621094,159.3699951171875,159.11099243164062,159.35899353027344
2026-07-31T18:00:00+01:00,159.35899353027344,159.50799560546875,158.1490020751953,158.48899841308594
2026-07-31T19:00:00+01:00,158.48599243164062,159.1300048828125,158.302001953125,158.88299560546875
2026-07-31T20:00:00+01:00,158.8990020751953,159.24000549316406,158.84800720214844,159.1750030517578
2026-07-31T21:00:00+01:00,159.16600036621094,159.20199584960938,157.1510009765625,157.53799438476562
2026-07-31T22:00:00+01:00,157.39999389648438,157.39999389648438,157.39999389648438,157.39999389648438
2026-08-03T00:00:00+01:00,157.30099487304688,157.875,157.0469970703125,157.58200073242188
2026-08-03T01:00:00+01:00,157.58700561523438,157.88600158691406,155.21499633789062,156.11500549316406
2026-08-03T02:00:00+01:00,156.125,156.45700073242188,155.4149932861328,156.34300231933594
2026-08-03T03:00:00+01:00,156.3419952392578,156.63099670410156,156.20899963378906,156.48500061035156
2026-08-03T04:00:00+01:00,156.47500610351562,156.64599609375,156.28900146484375,156.5189971923828
2026-08-03T05:00:00+01:00,156.51800537109375,156.5469970703125,156.36099243164062,156.4510040283203
2026-08-03T06:00:00+01:00,156.4510040283203,156.50900268554688,156.36000061035156,156.39700317382812
2026-08-03T07:00:00+01:00,156.3939971923828,156.8520050048828,156.31900024414062,156.76600646972656
2026-08-03T08:00:00+01:00,156.7740020751953,156.80299377441406,156.4709930419922,156.77200317382812
2026-08-03T09:00:00+01:00,156.77699279785156,156.98399353027344,156.5540008544922,156.9810028076172
2026-08-03T10:00:00+01:00,156.9770050048828,157.13600158691406,156.8459930419922,157.08299255371094
2026-08-03T11:00:00+01:00,157.0919952392578,157.0959930419922,156.6649932861328,156.81700134277344
2026-08-03T12:00:00+01:00,156.81500244140625,156.9739990234375,156.7519989013672,156.9550018310547
2026-08-03T13:00:00+01:00,156.65499877929688,156.89500427246094,156.58200073242188,156.82200622558594
2026-08-03T14:00:00+01:00,156.81399536132812,156.86199951171875,156.2969970703125,156.4340057373047
2026-08-03T15:00:00+01:00,156.47900390625,156.7530059814453,156.2220001220703,156.5500030517578
2026-08-03T16:00:00+01:00,156.55999755859375,157.03500366210938,156.54800415039062,156.97000122070312
2026-08-03T17:00:00+01:00,156.95799255371094,156.9709930419922,156.93299865722656,156.94500732421875
2026-08-03T18:00:00+01:00,156.89100646972656,157.03799438476562,156.8719940185547,157.02499389648438
2026-08-03T19:00:00+01:00,157.01300048828125,157.08299255371094,156.66600036621094,156.7830047607422
2026-08-03T20:00:00+01:00,156.7760009765625,156.96600341796875,156.74099731445312,156.9409942626953
2026-08-03T21:00:00+01:00,156.94900512695312,157.22300720214844,156.8520050048828,157.19000244140625
2026-08-03T22:00:00+01:00,157.14300537109375,157.19900512695312,157.12899780273438,157.16700744628906
2026-08-03T23:00:00+01:00,157.16700744628906,157.43800354003906,157.1439971923828,157.35899353027344
2026-08-04T00:00:00+01:00,157.33900451660156,157.66900634765625,157.2480010986328,157.54400634765625
2026-08-04T01:00:00+01:00,157.54299926757812,157.552001953125,157.21400451660156,157.48899841308594
2026-08-04T02:00:00+01:00,157.48899841308594,157.6230010986328,157.38299560546875,157.60499572753906
2026-08-04T03:00:00+01:00,157.60400390625,157.7480010986328,157.58099365234375,157.7169952392578
2026-08-04T04:00:00+01:00,157.70899963378906,157.718994140625,157.42599487304688,157.6529998779297
2026-08-04T05:00:00+01:00,157.6510009765625,157.6739959716797,157.46600341796875,157.53599548339844
2026-08-04T06:00:00+01:00,157.53799438476562,157.74200439453125,157.4949951171875,157.7030029296875
2026-08-04T07:00:00+01:00,157.7030029296875,157.77000427246094,157.54800415039062,157.6719970703125
2026-08-04T08:00:00+01:00,157.68099975585938,157.84100341796875,157.60499572753906,157.80499267578125
2026-08-04T09:00:00+01:00,157.8090057373047,157.82000732421875,157.7169952392578,157.7969970703125
2026-08-04T10:00:00+01:00,157.79800415039062,157.95799255371094,157.78599548339844,157.91299438476562
2026-08-04T11:00:00+01:00,157.90899658203125,157.95700073242188,157.7519989013672,157.8179931640625
2026-08-04T12:00:00+01:00,157.8159942626953,157.85400390625,157.33999633789062,157.4669952392578
2026-08-04T13:00:00+01:00,157.4550018310547,157.593994140625,157.29600524902344,157.52699279785156
2026-08-04T14:00:00+01:00,157.52200317382812,157.5709991455078,157.2050018310547,157.4239959716797
2026-08-04T15:00:00+01:00,157.39500427246094,157.63900756835938,157.28799438476562,157.5540008544922
2026-08-04T16:00:00+01:00,157.552001953125,157.6179962158203,157.3719940185547,157.41299438476562
2026-08-04T17:00:00+01:00,157.43499755859375,157.63400268554688,157.42300415039062,157.5709991455078
2026-08-04T18:00:00+01:00,157.5709991455078,157.64599609375,157.5189971923828,157.59800720214844
2026-08-04T19:00:00+01:00,157.5970001220703,157.69900512695312,157.5959930419922,157.65199279785156
2026-08-04T20:00:00+01:00,157.6479949951172,157.8350067138672,157.6280059814453,157.7570037841797
2026-08-04T21:00:00+01:00,157.7570037841797,157.781005859375,157.66900634765625,157.74899291992188
2026-08-04T22:00:00+01:00,157.71299743652344,157.7969970703125,157.68299865722656,157.7030029296875
2026-08-04T23:00:00+01:00,157.7030029296875,157.76400756835938,157.66099548339844,157.71600341796875
2026-08-05T00:00:00+01:00,157.72000122070312,157.8090057373047,157.6479949951172,157.70599365234375
2026-08-05T01:00:00+01:00,157.69200134277344,157.75599670410156,157.4429931640625,157.552001953125
2026-08-05T02:00:00+01:00,157.56100463867188,157.68099975585938,157.5019989013672,157.6439971923828
2026-08-05T03:00:00+01:00,157.63499450683594,157.6999969482422,157.29800415039062,157.45799255371094
2026-08-05T04:00:00+01:00,157.4499969482422,157.53199768066406,157.34800720214844,157.4149932861328
2026-08-05T05:00:00+01:00,157.41900634765625,157.68299865722656,157.36399841308594,157.65199279785156
2026-08-05T06:00:00+01:00,157.6479949951172,157.70899963378906,157.58200073242188,157.63299560546875
2026-08-05T07:00:00+01:00,157.63400268554688,157.76699829101562,157.57000732421875,157.61000061035156
2026-08-05T08:00:00+01:00,157.60899353027344,157.74000549316406,157.5240020751953,157.71099853515625
2026-08-05T09:00:00+01:00,157.71299743652344,157.875,157.69900512695312,157.81399536132812
2026-08-05T10:00:00+01:00,157.81399536132812,157.86599731445312,157.68699645996094,157.74899291992188
2026-08-05T11:00:00+01:00,157.74600219726562,157.81300354003906,157.7209930419922,157.76600646972656
2026-08-05T12:00:00+01:00,157.69700622558594,157.70399475097656,157.4770050048828,157.55999755859375
2026-08-05T13:00:00+01:00,157.552001953125,157.63600158691406,157.41000366210938,157.62399291992188
2026-08-05T14:00:00+01:00,157.62100219726562,157.6490020751953,157.4199981689453,157.53599548339844
2026-08-05T15:00:00+01:00,157.531005859375,157.60699462890625,157.3040008544922,157.49400329589844
2026-08-05T16:00:00+01:00,157.49099731445312,157.60699462890625,157.4040069580078,157.57400512695312
2026-08-05T17:00:00+01:00,157.656005859375,157.75599670410156,157.59800720214844,157.7449951171875
2026-08-05T18:00:00+01:00,157.73699951171875,157.8000030517578,157.6510009765625,157.67999267578125
2026-08-05T19:00:00+01:00,157.67999267578125,157.70899963378906,157.61399841308594,157.66700744628906
2026-08-05T20:00:00+01:00,157.66900634765625,157.74899291992188,157.64500427246094,157.7169952392578
2026-08-05T21:00:00+01:00,157.7169952392578,157.81399536132812,157.68600463867188,157.7270050048828
2026-08-05T22:00:00+01:00,157.72799682617188,157.72999572753906,157.61599731445312,157.66900634765625
2026-08-05T23:00:00+01:00,157.6699981689453,157.7169952392578,157.6540069580078,157.6580047607422
2026-08-06T00:00:00+01:00,157.66299438476562,157.6750030517578,157.54800415039062,157.60400390625
2026-08-06T01:00:00+01:00,157.60000610351562,157.75999450683594,157.60000610351562,157.72999572753906
2026-08-06T02:00:00+01:00,157.7220001220703,157.7480010986328,157.58799743652344,157.6649932861328
2026-08-06T03:00:00+01:00,157.656005859375,157.68499755859375,157.58399963378906,157.67300415039062
2026-08-06T04:00:00+01:00,157.66299438476562,157.7449951171875,157.66299438476562,157.7270050048828
2026-08-06T05:00:00+01:00,157.7270050048828,157.74899291992188,157.7010040283203,157.73399353027344
2026-08-06T06:00:00+01:00,157.73399353027344,157.77699279785156,157.70199584960938,157.7480010986328
2026-08-06T07:00:00+01:00,157.7449951171875,157.8509979248047,157.718994140625,157.82699584960938
2026-08-06T08:00:00+01:00,157.82200622558594,157.87399291992188,157.7429962158203,157.8419952392578
2026-08-06T09:00:00+01:00,157.85899353027344,157.88099670410156,157.78599548339844,157.8350067138672
2026-08-06T10:00:00+01:00,157.83200073242188,157.88099670410156,157.8159942626953,157.86700439453125
2026-08-06T11:00:00+01:00,157.86399841308594,157.89199829101562,157.8280029296875,157.8679962158203
2026-08-06T12:00:00+01:00,157.8679962158203,157.93800354003906,157.8489990234375,157.8489990234375
2026-08-06T13:00:00+01:00,157.85000610351562,157.9250030517578,157.80999755859375,157.90199279785156
2026-08-06T14:00:00+01:00,157.8990020751953,157.94400024414062,157.81500244140625,157.86300659179688
2026-08-06T15:00:00+01:00,157.86500549316406,158.2830047607422,157.85899353027344,158.19900512695312
2026-08-06T16:00:00+01:00,158.19900512695312,158.46299743652344,158.19700622558594,158.39199829101562
2026-08-06T17:00:00+01:00,158.4429931640625,158.55499267578125,158.21600341796875,158.50399780273438
2026-08-06T18:00:00+01:00,158.50399780273438,158.50999450683594,158.38600158691406,158.39700317382812
2026-08-06T19:00:00+01:00,158.3979949951172,158.41799926757812,158.31900024414062,158.3209991455078
2026-08-06T20:00:00+01:00,158.3280029296875,158.47999572753906,158.28599548339844,158.3939971923828
2026-08-06T21:00:00+01:00,158.4010009765625,158.50799560546875,158.3820037841797,158.3820037841797
2026-08-06T22:00:00+01:00,158.38999938964844,158.4720001220703,158.3719940185547,158.43499755859375
2026-08-06T23:00:00+01:00,158.43499755859375,158.50799560546875,158.4250030517578,158.46400451660156
2026-08-07T00:00:00+01:00,158.4510040283203,158.46800231933594,158.36700439453125,158.41299438476562
2026-08-07T01:00:00+01:00,158.40899658203125,158.5760040283203,158.40699768066406,158.5189971923828
2026-08-07T02:00:00+01:00,158.5189971923828,158.53700256347656,158.20799255371094,158.322998046875
2026-08-07T03:00:00+01:00,158.322998046875,158.38699340820312,158.30099487304688,158.37399291992188
2026-08-07T04:00:00+01:00,158.3679962158203,158.447998046875,158.35699462890625,158.40499877929688
2026-08-07T05:00:00+01:00,158.40199279785156,158.42999267578125,158.36700439453125,158.37100219726562
2026-08-07T06:00:00+01:00,158.3699951171875,158.39300537109375,158.31500244140625,158.32699584960938
2026-08-07T07:00:00+01:00,158.32699584960938,158.3679962158203,158.281005859375,158.35699462890625
2026-08-07T08:00:00+01:00,158.36099243164062,158.45700073242188,158.31700134277344,158.39999389648438
2026-08-07T09:00:00+01:00,158.41000366210938,158.47799682617188,158.33399963378906,158.375
2026-08-07T10:00:00+01:00,158.36599731445312,158.39500427246094,158.3509979248047,158.36900329589844
2026-08-07T11:00:00+01:00,158.35000610351562,158.4149932861328,158.24000549316406,158.30099487304688
2026-08-07T12:00:00+01:00,158.30099487304688,158.3730010986328,158.25799560546875,158.3260040283203
2026-08-07T13:00:00+01:00,158.3260040283203,158.39700317382812,156.65199279785156,157.3800048828125
2026-08-07T14:00:00+01:00,157.37899780273438,157.76100158691406,157.23300170898438,157.73899841308594
2026-08-07T15:00:00+01:00,157.73300170898438,157.79400634765625,157.66400146484375,157.7469940185547
2026-08-07T16:00:00+01:00,157.9250030517578,157.98899841308594,157.43499755859375,157.54800415039062
2026-08-07T17:00:00+01:00,157.5489959716797,157.552001953125,157.2989959716797,157.44700622558594
2026-08-07T18:00:00+01:00,157.44900512695312,157.5,157.36599731445312,157.48300170898438
2026-08-07T19:00:00+01:00,157.48199462890625,157.625,157.4720001220703,157.53199768066406
2026-08-07T20:00:00+01:00,157.5290069580078,157.6199951171875,157.4459991455078,157.55299377441406
2026-08-07T21:00:00+01:00,157.55599975585938,157.87100219726562,157.53399658203125,157.7449951171875
2026-08-10T00:00:00+01:00,157.91600036621094,157.93600463867188,157.81900024414062,157.89999389648438
2026-08-10T01:00:00+01:00,157.90199279785156,157.968994140625,157.83099365234375,157.9429931640625
2026-08-10T02:00:00+01:00,157.9429931640625,158.31700134277344,157.92300415039062,158.26600646972656
2026-08-10T03:00:00+01:00,158.26600646972656,158.3040008544922,158.21400451660156,158.22500610351562
2026-08-10T04:00:00+01:00,158.22900390625,158.23399353027344,158.14700317382812,158.1959991455078
2026-08-10T05:00:00+01:00,158.19000244140625,158.3419952392578,158.19000244140625,158.33700561523438
2026-08-10T06:00:00+01:00,158.33200073242188,158.38699340820312,158.29200744628906,158.33900451660156
2026-08-10T07:00:00+01:00,158.33900451660156,158.45700073242188,158.33200073242188,158.37899780273438
2026-08-10T08:00:00+01:00,158.375,158.5229949951172,158.375,158.47999572753906
2026-08-10T09:00:00+01:00,158.47999572753906,158.68499755859375,158.42599487304688,158.6580047607422
2026-08-10T10:00:00+01:00,158.66299438476562,158.78700256347656,158.64199829101562,158.76800537109375
2026-08-10T11:00:00+01:00,158.84500122070312,158.89100646972656,158.7259979248047,158.77999877929688
2026-08-10T12:00:00+01:00,158.781005859375,158.87600708007812,158.73399353027344,158.80999755859375
2026-08-10T13:00:00+01:00,158.80999755859375,158.947998046875,158.4010009765625,158.93800354003906
2026-08-10T14:00:00+01:00,158.9340057373047,159.06399536132812,158.85299682617188,159.01300048828125
2026-08-10T15:00:00+01:00,159.00799560546875,159.01699829101562,158.85699462890625,158.94700622558594
2026-08-10T16:00:00+01:00,158.92999267578125,159.0070037841797,158.85000610351562,158.89599609375
2026-08-10T17:00:00+01:00,158.89599609375,159.04400634765625,158.88900756835938,159.0279998779297
2026-08-10T18:00:00+01:00,159.031005859375,159.16299438476562,159.02200317382812,159.13099670410156
2026-08-10T19:00:00+01:00,159.1300048828125,159.35800170898438,159.07699584960938,159.23599243164062
2026-08-10T20:00:00+01:00,159.23500061035156,159.36300659179688,159.2169952392578,159.3000030517578
2026-08-10T21:00:00+01:00,159.29600524902344,159.343994140625,159.2779998779297,159.28399658203125
2026-08-10T22:00:00+01:00,159.2570037841797,159.26800537109375,159.1540069580078,159.2220001220703
2026-08-10T23:00:00+01:00,159.2209930419922,159.3090057373047,159.19900512695312,159.25599670410156
2026-08-11T00:00:00+01:00,159.24099731445312,159.2899932861328,159.12100219726562,159.14999389648438
2026-08-11T01:00:00+01:00,159.14999389648438,159.197998046875,158.9199981689453,159.14500427246094
2026-08-11T02:00:00+01:00,159.14199829101562,159.18299865722656,159.06100463867188,159.16299438476562
2026-08-11T03:00:00+01:00,159.16200256347656,159.31199645996094,159.1540069580078,159.25999450683594
2026-08-11T04:00:00+01:00,159.2570037841797,159.27000427246094,159.13900756835938,159.1999969482422
2026-08-11T05:00:00+01:00,159.1959991455078,159.25100708007812,159.15499877929688,159.1840057373047
2026-08-11T06:00:00+01:00,159.18299865722656,159.2310028076172,159.14700317382812,159.2010040283203
2026-08-11T07:00:00+01:00,159.1999969482422,159.24099731445312,159.17300415039062,159.20799255371094
2026-08-11T08:00:00+01:00,159.2050018310547,159.3769989013672,159.19500732421875,159.3560028076172
2026-08-11T09:00:00+01:00,159.36099243164062,159.37100219726562,159.27699279785156,159.3489990234375
2026-08-11T10:00:00+01:00,159.3489990234375,159.38999938964844,159.33700561523438,159.375
2026-08-11T11:00:00+01:00,159.2760009765625,159.33099365234375,159.18600463867188,159.22500610351562
2026-08-11T12:00:00+01:00,159.2239990234375,159.2530059814453,159.0489959716797,159.24400329589844
2026-08-11T13:00:00+01:00,159.2449951171875,159.36500549316406,159.1840057373047,159.27000427246094
2026-08-11T14:00:00+01:00,159.26499938964844,159.27099609375,159.16700744628906,159.22999572753906
2026-08-11T15:00:00+01:00,159.22900390625,159.29400634765625,159.21299743652344,159.2239990234375
2026-08-11T16:00:00+01:00,159.22999572753906,159.3280029296875,159.1959991455078,159.24400329589844
2026-08-11T17:00:00+01:00,159.24400329589844,159.2689971923828,159.2050018310547,159.26100158691406
2026-08-11T18:00:00+01:00,159.26499938964844,159.3520050048828,159.25399780273438,159.30599975585938
2026-08-11T19:00:00+01:00,159.31199645996094,159.3459930419922,159.2530059814453,159.27099609375
2026-08-11T20:00:00+01:00,159.25999450683594,159.30499267578125,159.24000549316406,159.27999877929688
2026-08-11T21:00:00+01:00,159.28399658203125,159.36500549316406,159.23399353027344,159.25999450683594
2026-08-11T22:00:00+01:00,159.24200439453125,159.3000030517578,159.21800231933594,159.25999450683594
2026-08-11T23:00:00+01:00,159.25999450683594,159.30499267578125,159.25100708007812,159.26499938964844
2026-08-12T00:00:00+01:00,159.25599670410156,159.3000030517578,159.25399780273438,159.2760009765625
2026-08-12T01:00:00+01:00,159.26499938964844,159.36900329589844,159.19400024414062,159.33599853515625
2026-08-12T02:00:00+01:00,159.33599853515625,159.37600708007812,159.2899932861328,159.3260040283203
2026-08-12T03:00:00+01:00,159.33399963378906,159.4320068359375,159.3260040283203,159.39199829101562
2026-08-12T04:00:00+01:00,159.39199829101562,159.45799255371094,159.39199829101562,159.42599487304688
2026-08-12T05:00:00+01:00,159.4199981689453,159.46099853515625,159.36199951171875,159.41299438476562
2026-08-12T06:00:00+01:00,159.4080047607422,159.43699645996094,159.30599975585938,159.406005859375
2026-08-12T07:00:00+01:00,159.40499877929688,159.427001953125,159.33900451660156,159.37899780273438
2026-08-12T08:00:00+01:00,159.3769989013672,159.39700317382812,159.3260040283203,159.36500549316406
2026-08-12T09:00:00+01:00,159.3679962158203,159.3719940185547,159.27999877929688,159.31500244140625
2026-08-12T10:00:00+01:00,159.3090057373047,159.33599853515625,159.218994140625,159.22999572753906
2026-08-12T11:00:00+01:00,159.14999389648438,159.2239990234375,159.09100341796875,159.1750030517578
2026-08-12T12:00:00+01:00,159.17599487304688,159.1820068359375,159.0500030517578,159.09300231933594
2026-08-12T13:00:00+01:00,159.09300231933594,159.18899536132812,158.63900756835938,158.802001953125
2026-08-12T14:00:00+01:00,158.80299377441406,159.0399932861328,158.68800354003906,159.01499938964844
2026-08-12T15:00:00+01:00,159.0189971923828,159.22900390625,158.99000549316406,159.13499450683594
2026-08-12T16:00:00+01:00,159.197998046875,159.2899932861328,159.17999267578125,159.22900390625
2026-08-12T17:00:00+01:00,159.2259979248047,159.41000366210938,159.1959991455078,159.3800048828125
2026-08-12T18:00:00+01:00,159.38800048828125,159.52699279785156,159.35000610351562,159.4949951171875
2026-08-12T19:00:00+01:00,159.5019989013672,159.54400634765625,159.4239959716797,159.48899841308594
2026-08-12T20:00:00+01:00,159.4949951171875,159.51600646972656,159.44900512695312,159.48800659179688
2026-08-12T21:00:00+01:00,159.48599243164062,159.5050048828125,159.39199829101562,159.4010009765625
2026-08-12T22:00:00+01:00,159.3990020751953,159.4250030517578,159.36000061035156,159.38800048828125
2026-08-12T23:00:00+01:00,159.38699340820312,159.45399475097656,159.38400268554688,159.38699340820312
2026-08-13T00:00:00+01:00,159.37899780273438,159.38999938964844,159.31199645996094,159.3350067138672
2026-08-13T01:00:00+01:00,159.33599853515625,159.38400268554688,159.23800659179688,159.31399536132812
2026-08-13T02:00:00+01:00,159.31700134277344,159.3679962158203,159.2729949951172,159.3419952392578
2026-08-13T03:00:00+01:00,159.3419952392578,159.48300170898438,159.33299255371094,159.4250030517578
2026-08-13T04:00:00+01:00,159.4250030517578,159.48800659179688,159.39999389648438,159.4290008544922
2026-08-13T05:00:00+01:00,159.42100524902344,159.4770050048828,159.1719970703125,159.2429962158203
2026-08-13T06:00:00+01:00,159.2429962158203,159.37100219726562,159.22000122070312,159.2740020751953
2026-08-13T07:00:00+01:00,159.2740020751953,159.44500732421875,159.25399780273438,159.37899780273438
2026-08-13T08:00:00+01:00,159.38800048828125,159.41099548339844,159.31399536132812,159.35699462890625
2026-08-13T09:00:00+01:00,159.36099243164062,159.41200256347656,159.33700561523438,159.3979949951172
2026-08-13T10:00:00+01:00,159.3990020751953,159.43699645996094,159.35800170898438,159.36500549316406
2026-08-13T11:00:00+01:00,159.33399963378906,159.36599731445312,159.31100463867188,159.33799743652344
2026-08-13T12:00:00+01:00,159.33799743652344,159.3520050048828,159.24600219726562,159.3300018310547
2026-08-13T13:00:00+01:00,159.33099365234375,159.41299438476562,159.16799926757812,159.16900634765625
2026-08-13T14:00:00+01:00,159.1699981689453,159.33700561523438,159.14700317382812,159.26199340820312
2026-08-13T15:00:00+01:00,159.26199340820312,159.32699584960938,159.01800537109375,159.15899658203125
2026-08-13T16:00:00+01:00,159.16299438476562,159.38699340820312,159.15199279785156,159.3489990234375
2026-08-13T17:00:00+01:00,159.35000610351562,159.4969940185547,159.33700561523438,159.4770050048828
2026-08-13T18:00:00+01:00,159.47500610351562,159.56900024414062,159.46400451660156,159.51400756835938
2026-08-13T19:00:00+01:00,159.51699829101562,159.54200744628906,159.43099975585938,159.50399780273438
2026-08-13T20:00:00+01:00,159.50399780273438,159.54200744628906,159.48300170898438,159.51300048828125
2026-08-13T21:00:00+01:00,159.51300048828125,159.5659942626953,159.46800231933594,159.468994140625
2026-08-13T22:00:00+01:00,159.45700073242188,159.5279998779297,159.4290008544922,159.46400451660156
2026-08-13T23:00:00+01:00,159.4720001220703,159.52200317382812,159.44500732421875,159.4669952392578
2026-08-14T00:00:00+01:00,159.45799255371094,159.48399353027344,159.42300415039062,159.4290008544922
2026-08-14T01:00:00+01:00,159.427001953125,159.50999450683594,159.34500122070312,159.3679962158203
2026-08-14T02:00:00+01:00,159.3679962158203,159.45799255371094,159.34800720214844,159.4429931640625
2026-08-14T03:00:00+01:00,159.4409942626953,159.4510040283203,159.3699951171875,159.4040069580078
2026-08-14T04:00:00+01:00,159.4040069580078,159.42100524902344,159.32000732421875,159.375
2026-08-14T05:00:00+01:00,159.375,159.38600158691406,159.32899475097656,159.35299682617188
2026-08-14T06:00:00+01:00,159.34800720214844,159.3560028076172,159.12899780273438,159.25900268554688
2026-08-14T07:00:00+01:00,159.2550048828125,159.28399658203125,159.13999938964844,159.23899841308594
2026-08-14T08:00:00+01:00,159.23899841308594,159.31300354003906,159.1959991455078,159.2030029296875
2026-08-14T09:00:00+01:00,159.1999969482422,159.2270050048828,159.05599975585938,159.1739959716797
2026-08-14T10:00:00+01:00,159.16900634765625,159.19400024414062,159.1199951171875,159.12100219726562
2026-08-14T11:00:00+01:00,159.1439971923828,159.1929931640625,159.08200073242188,159.1739959716797
2026-08-14T12:00:00+01:00,159.1739959716797,159.1929931640625,159.03399658203125,159.10699462890625
2026-08-14T13:00:00+01:00,159.10400390625,159.11399841308594,158.59500122070312,158.91799926757812
2026-08-14T14:00:00+01:00,158.92100524902344,159.09300231933594,158.78900146484375,158.9409942626953
2026-08-14T15:00:00+01:00,158.93699645996094,159.06300354003906,158.89100646972656,158.96200561523438
2026-08-14T16:00:00+01:00,159.0260009765625,159.21600341796875,158.9429931640625,159.20899963378906
2026-08-14T17:00:00+01:00,159.20899963378906,159.3719940185547,159.197998046875,159.36199951171875
2026-08-14T18:00:00+01:00,159.36000061035156,159.4010009765625,159.33900451660156,159.35800170898438
2026-08-14T19:00:00+01:00,159.35899353027344,159.39300537109375,159.33999633789062,159.37600708007812
2026-08-14T20:00:00+01:00,159.3730010986328,159.3979949951172,159.35699462890625,159.35800170898438
2026-08-14T21:00:00+01:00,159.35800170898438,159.3699951171875,159.24600219726562,159.28500366210938
2026-08-14T22:00:00+01:00,159.30499267578125,159.30499267578125,159.30499267578125,159.30499267578125
2026-08-17T00:00:00+01:00,159.13400268554688,159.25,159.1269989013672,159.218994140625
2026-08-17T01:00:00+01:00,159.2220001220703,159.24899291992188,158.99899291992188,159.01800537109375
2026-08-17T02:00:00+01:00,159.02000427246094,159.10499572753906,158.97999572753906,159.052001953125
2026-08-17T03:00:00+01:00,159.052001953125,159.06900024414062,158.9459991455078,159.0330047607422
2026-08-17T04:00:00+01:00,159.03399658203125,159.14700317382812,159.0330047607422,159.08900451660156
2026-08-17T05:00:00+01:00,159.08999633789062,159.12899780273438,159.04299926757812,159.1199951171875
2026-08-17T06:00:00+01:00,159.11500549316406,159.1230010986328,158.9720001220703,159.08200073242188
2026-08-17T07:00:00+01:00,159.08099365234375,159.11099243164062,158.9320068359375,158.95899963378906
2026-08-17T08:00:00+01:00,158.9600067138672,159.00100708007812,158.83900451660156,158.95199584960938
2026-08-17T09:00:00+01:00,158.94700622558594,159.0970001220703,158.9250030517578,159.08200073242188
2026-08-17T10:00:00+01:00,159.1219940185547,159.18499755859375,159.06199645996094,159.16700744628906
2026-08-17T11:00:00+01:00,159.16299438476562,159.20599365234375,159.09800720214844,159.18299865722656
2026-08-17T12:00:00+01:00,159.18299865722656,159.28399658203125,159.1540069580078,159.23800659179688
2026-08-17T13:00:00+01:00,159.23399353027344,159.28799438476562,159.18899536132812,159.24600219726562
2026-08-17T14:00:00+01:00,159.24200439453125,159.38400268554688,159.21200561523438,159.26300048828125
2026-08-17T15:00:00+01:00,159.25999450683594,159.28599548339844,159.25799560546875,159.26499938964844
2026-08-17T16:00:00+01:00,159.28399658203125,159.4029998779297,159.2729949951172,159.33900451660156
2026-08-17T17:00:00+01:00,159.33999633789062,159.39500427246094,159.3260040283203,159.36300659179688
2026-08-17T18:00:00+01:00,159.36099243164062,159.5050048828125,159.3489990234375,159.49099731445312
2026-08-17T19:00:00+01:00,159.48699951171875,159.5970001220703,159.47900390625,159.58999633789062
2026-08-17T20:00:00+01:00,159.58900451660156,159.593994140625,159.4040069580078,159.45599365234375
2026-08-17T21:00:00+01:00,159.45700073242188,159.51199340820312,159.4149932861328,159.4149932861328
2026-08-17T22:00:00+01:00,159.4040069580078,159.49099731445312,159.281005859375,159.39700317382812
2026-08-17T23:00:00+01:00,159.3769989013672,159.4770050048828,159.3509979248047,159.41099548339844
2026-08-18T00:00:00+01:00,159.406005859375,159.4239959716797,159.30799865722656,159.3249969482422
2026-08-18T01:00:00+01:00,159.3249969482422,159.5240020751953,159.3040008544922,159.4219970703125
2026-08-18T02:00:00+01:00,159.4219970703125,159.51199340820312,159.38900756835938,159.5
2026-08-18T03:00:00+01:00,159.4980010986328,159.5449981689453,159.44900512695312,159.4550018310547
2026-08-18T04:00:00+01:00,159.45199584960938,159.56900024414062,159.45199584960938,159.54800415039062
2026-08-18T05:00:00+01:00,159.54800415039062,159.75,159.54400634765625,159.69700622558594
2026-08-18T06:00:00+01:00,159.68899536132812,159.73399353027344,159.61599731445312,159.66299438476562
2026-08-18T07:00:00+01:00,159.656005859375,159.7790069580078,159.64300537109375,159.71600341796875
2026-08-18T08:00:00+01:00,159.71800231933594,159.76199340820312,159.6719970703125,159.7169952392578
2026-08-18T09:00:00+01:00,159.7220001220703,159.74400329589844,159.64199829101562,159.64500427246094
2026-08-18T10:00:00+01:00,159.66799926757812,159.69400024414062,159.58099365234375,159.60400390625
2026-08-18T11:00:00+01:00,159.60400390625,159.71499633789062,159.5970001220703,159.70599365234375
2026-08-18T12:00:00+01:00,159.70199584960938,159.7449951171875,159.68800354003906,159.69400024414062
2026-08-18T13:00:00+01:00,159.69900512695312,159.7209930419922,159.6320037841797,159.66400146484375
2026-08-18T14:00:00+01:00,159.66299438476562,159.72300720214844,159.55999755859375,159.57200622558594
2026-08-18T15:00:00+01:00,159.5800018310547,159.5800018310547,159.49899291992188,159.51499938964844
2026-08-18T16:00:00+01:00,159.5489959716797,159.64599609375,159.48800659179688,159.5959930419922
2026-08-18T17:00:00+01:00,159.59300231933594,159.63900756835938,159.53599548339844,159.56700134277344
2026-08-18T18:00:00+01:00,159.5709991455078,159.63800048828125,159.5570068359375,159.59800720214844
2026-08-18T19:00:00+01:00,159.5959930419922,159.63099670410156,159.5590057373047,159.60000610351562
2026-08-18T20:00:00+01:00,159.60299682617188,159.6490020751953,159.5709991455078,159.63600158691406
2026-08-18T21:00:00+01:00,159.63800048828125,159.6750030517578,159.58399963378906,159.5959930419922
2026-08-18T22:00:00+01:00,159.5919952392578,159.62100219726562,159.468994140625,159.58099365234375
2026-08-18T23:00:00+01:00,159.57699584960938,159.64500427246094,159.5540008544922,159.58900451660156
2026-08-19T00:00:00+01:00,159.58299255371094,159.60899353027344,159.531005859375,159.5500030517578
2026-08-19T01:00:00+01:00,159.5500030517578,159.55299377441406,159.38499450683594,159.46200561523438
2026-08-19T02:00:00+01:00,159.45599365234375,159.52499389648438,159.43600463867188,159.447998046875
2026-08-19T03:00:00+01:00,159.4459991455078,159.4709930419922,159.28599548339844,159.36399841308594
2026-08-19T04:00:00+01:00,159.36500549316406,159.4429931640625,159.33099365234375,159.4199981689453
2026-08-19T05:00:00+01:00,159.4199981689453,159.4250030517578,159.2310028076172,159.3260040283203
2026-08-19T06:00:00+01:00,159.3260040283203,159.33200073242188,159.20399475097656,159.2949981689453
2026-08-19T07:00:00+01:00,159.2899932861328,159.2969970703125,159.11099243164062,159.23899841308594
2026-08-19T08:00:00+01:00,159.24400329589844,159.281005859375,159.1199951171875,159.16299438476562
2026-08-19T09:00:00+01:00,159.16299438476562,159.1820068359375,159.0489959716797,159.08700561523438
2026-08-19T10:00:00+01:00,159.16200256347656,159.26600646972656,159.06500244140625,159.08399963378906
2026-08-19T11:00:00+01:00,159.08399963378906,159.11099243164062,158.99400329589844,159.09500122070312
2026-08-19T12:00:00+01:00,159.09300231933594,159.18699645996094,159.08099365234375,159.13400268554688
2026-08-19T13:00:00+01:00,159.14199829101562,159.1540069580078,158.1540069580078,158.60000610351562
2026-08-19T14:00:00+01:00,158.58700561523438,158.6009979248047,158.31300354003906,158.4320068359375
2026-08-19T15:00:00+01:00,158.4340057373047,158.468994140625,158.3719940185547,158.40499877929688
2026-08-19T16:00:00+01:00,158.34800720214844,158.52499389648438,158.3419952392578,158.4530029296875
2026-08-19T17:00:00+01:00,158.4499969482422,158.50100708007812,158.30999755859375,158.38499450683594
2026-08-19T18:00:00+01:00,158.3800048828125,158.61399841308594,158.3179931640625,158.58200073242188
2026-08-19T19:00:00+01:00,158.58399963378906,158.5970001220703,158.2570037841797,158.31900024414062
2026-08-19T20:00:00+01:00,158.31300354003906,158.3679962158203,158.09300231933594,158.13900756835938
2026-08-19T21:00:00+01:00,158.14500427246094,158.22300720214844,158.0850067138672,158.1439971923828
2026-08-19T22:00:00+01:00,158.1219940185547,158.14500427246094,158.0570068359375,158.10000610351562
2026-08-19T23:00:00+01:00,158.09500122070312,158.19700622558594,158.01199340820312,158.1719970703125
2026-08-20T00:00:00+01:00,158.18099975585938,158.281005859375,158.17599487304688,158.25900268554688
2026-08-20T01:00:00+01:00,158.2550048828125,158.43899536132812,158.15499877929688,158.4040069580078
2026-08-20T02:00:00+01:00,158.3990020751953,158.5679931640625,158.32000732421875,158.52999877929688
2026-08-20T03:00:00+01:00,158.5240020751953,158.53799438476562,158.29800415039062,158.43899536132812
2026-08-20T04:00:00+01:00,158.43800354003906,158.49099731445312,158.3699951171875,158.42999267578125
2026-08-20T05:00:00+01:00,158.42799377441406,158.63400268554688,158.41099548339844,158.56399536132812
2026-08-20T06:00:00+01:00,158.56700134277344,158.7310028076172,158.5279998779297,158.62899780273438
2026-08-20T07:00:00+01:00,158.6300048828125,158.65899658203125,158.35299682617188,158.36000061035156
2026-08-20T08:00:00+01:00,158.35899353027344,158.54600524902344,158.32000732421875,158.43499755859375
2026-08-20T09:00:00+01:00,158.43699645996094,158.52000427246094,158.36900329589844,158.5
2026-08-20T10:00:00+01:00,158.49000549316406,158.49600219726562,158.1959991455078,158.3350067138672
2026-08-20T11:00:00+01:00,158.33900451660156,158.52200317382812,158.23399353027344,158.4669952392578
2026-08-20T12:00:00+01:00,158.4669952392578,158.71099853515625,158.4669952392578,158.65699768066406
2026-08-20T13:00:00+01:00,158.66000366210938,158.80099487304688,158.59300231933594,158.63499450683594
2026-08-20T14:00:00+01:00,158.63800048828125,158.8350067138672,158.53399658203125,158.8249969482422
2026-08-20T15:00:00+01:00,158.82000732421875,158.88900756835938,158.7779998779297,158.85899353027344
2026-08-20T16:00:00+01:00,158.7209930419922,158.9770050048828,158.48899841308594,158.84800720214844
2026-08-20T17:00:00+01:00,158.85000610351562,159.09800720214844,158.8350067138672,158.99400329589844
2026-08-20T18:00:00+01:00,158.99200439453125,159.1009979248047,158.96400451660156,159.0469970703125
2026-08-20T19:00:00+01:00,159.0489959716797,159.1750030517578,159.031005859375,159.14100646972656
2026-08-20T20:00:00+01:00,159.13499450683594,159.1790008544922,159.0989990234375,159.11199951171875
2026-08-20T21:00:00+01:00,159.11199951171875,159.14100646972656,159.01300048828125,159.01600646972656
2026-08-20T22:00:00+01:00,159.01199340820312,159.07699584960938,158.98199462890625,159.02000427246094
2026-08-20T23:00:00+01:00,159.0260009765625,159.07899475097656,158.9340057373047,158.9550018310547
2026-08-21T00:00:00+01:00,158.9510040283203,158.96099853515625,158.86399841308594,158.88999938964844
2026-08-21T01:00:00+01:00,158.89300537109375,159.12899780273438,158.86399841308594,159.0970001220703
2026-08-21T02:00:00+01:00,159.08900451660156,159.13400268554688,158.9010009765625,158.94500732421875
2026-08-21T03:00:00+01:00,158.94900512695312,159.0240020751953,158.8719940185547,158.96499633789062
2026-08-21T04:00:00+01:00,158.96200561523438,159.08799743652344,158.93299865722656,158.9929962158203
2026-08-21T05:00:00+01:00,158.99400329589844,159.06399536132812,158.94700622558594,158.9969940185547
2026-08-21T06:00:00+01:00,158.9969940185547,159.031005859375,158.80999755859375,158.8300018310547
2026-08-21T07:00:00+01:00,158.8300018310547,158.98800659179688,158.78500366210938,158.88699340820312
2026-08-21T08:00:00+01:00,158.88900756835938,158.93299865722656,158.72900390625,158.81700134277344
2026-08-21T09:00:00+01:00,158.81700134277344,158.8699951171875,158.55099487304688,158.5919952392578
2026-08-21T10:00:00+01:00,158.5279998779297,158.60800170898438,158.3470001220703,158.5970001220703
2026-08-21T11:00:00+01:00,158.60299682617188,158.73500061035156,158.51800537109375,158.69500732421875
2026-08-21T12:00:00+01:00,158.697998046875,158.76800537109375,158.5469970703125,158.6820068359375
2026-08-21T13:00:00+01:00,158.6820068359375,158.8459930419922,158.6179962158203,158.7530059814453
2026-08-21T14:00:00+01:00,158.7469940185547,158.89599609375,158.71600341796875,158.77000427246094
2026-08-21T15:00:00+01:00,158.7729949951172,158.8459930419922,158.76300048828125,158.8459930419922
2026-08-21T16:00:00+01:00,158.95199584960938,159.0399932861328,158.89700317382812,158.91600036621094
2026-08-21T17:00:00+01:00,158.91000366210938,158.9810028076172,158.82000732421875,158.95899963378906
2026-08-21T18:00:00+01:00,158.95899963378906,159.04400634765625,158.95700073242188,159.01600646972656
2026-08-21T19:00:00+01:00,159.01199340820312,159.052001953125,158.97900390625,159.01400756835938
2026-08-21T20:00:00+01:00,159.01499938964844,159.04200744628906,158.9550018310547,158.9949951171875
2026-08-21T21:00:00+01:00,158.9980010986328,159.01800537109375,158.86199951171875,158.86199951171875
2026-08-21T23:00:00+01:00,158.94000244140625,158.94000244140625,158.94000244140625,158.94000244140625
2026-08-24T00:00:00+01:00,158.96299743652344,159.0030059814453,158.86399841308594,158.87100219726562
2026-08-24T01:00:00+01:00,158.8699951171875,158.88800048828125,158.697998046875,158.7239990234375
2026-08-24T02:00:00+01:00,158.7239990234375,158.9530029296875,158.71099853515625,158.8419952392578
2026-08-24T03:00:00+01:00,158.83599853515625,158.91799926757812,158.8040008544922,158.8730010986328
2026-08-24T04:00:00+01:00,158.8730010986328,158.97000122070312,158.8719940185547,158.927001953125
2026-08-24T05:00:00+01:00,158.927001953125,158.96299743652344,158.80799865722656,158.85800170898438
2026-08-24T06:00:00+01:00,158.85899353027344,158.9759979248047,158.8509979248047,158.8979949951172
2026-08-24T07:00:00+01:00,158.8979949951172,159.03199768066406,158.8520050048828,159.031005859375
2026-08-24T08:00:00+01:00,159.02699279785156,159.18699645996094,158.97900390625,159.1580047607422
2026-08-24T09:00:00+01:00,159.15499877929688,159.28199768066406,159.1439971923828,159.1909942626953
2026-08-24T10:00:00+01:00,159.19200134277344,159.23399353027344,159.14500427246094,159.197998046875
2026-08-24T11:00:00+01:00,159.2050018310547,159.21499633789062,159.11500549316406,159.197998046875
2026-08-24T12:00:00+01:00,159.20599365234375,159.23199462890625,158.99000549316406,159.05999755859375
2026-08-24T13:00:00+01:00,159.06199645996094,159.1219940185547,158.8769989013672,159.04200744628906
2026-08-24T14:00:00+01:00,159.04200744628906,159.16200256347656,159.01100158691406,159.1009979248047
2026-08-24T15:00:00+01:00,159.10699462890625,159.14100646972656,159.0679931640625,159.13699340820312
2026-08-24T16:00:00+01:00,159.19500732421875,159.2010040283203,159.06300354003906,159.1699981689453
2026-08-24T17:00:00+01:00,159.1699981689453,159.19500732421875,159.0,159.072998046875
2026-08-24T18:00:00+01:00,159.06399536132812,159.19200134277344,158.97999572753906,159.15699768066406
2026-08-24T19:00:00+01:00,159.1540069580078,159.21400451660156,159.13099670410156,159.1750030517578
2026-08-24T20:00:00+01:00,159.17599487304688,159.2169952392578,159.1199951171875,159.16299438476562
2026-08-24T21:00:00+01:00,159.1580047607422,159.18099975585938,159.0570068359375,159.0749969482422
2026-08-24T22:00:00+01:00,159.06199645996094,159.12100219726562,158.99200439453125,159.0659942626953
2026-08-24T23:00:00+01:00,159.05299377441406,159.1219940185547,159.00799560546875,159.093994140625
2026-08-25T00:00:00+01:00,159.093994140625,159.15899658203125,159.052001953125,159.1280059814453
2026-08-25T01:00:00+01:00,159.1269989013672,159.1929931640625,159.08399963378906,159.18600463867188
2026-08-25T02:00:00+01:00,159.18499755859375,159.30999755859375,159.12100219726562,159.26800537109375
2026-08-25T03:00:00+01:00,159.26300048828125,159.39700317382812,159.24400329589844,159.35499572753906
2026-08-25T04:00:00+01:00,159.35499572753906,159.3939971923828,159.31399536132812,159.32400512695312
2026-08-25T05:00:00+01:00,159.32400512695312,159.3699951171875,159.20700073242188,159.30099487304688
2026-08-25T06:00:00+01:00,159.302001953125,159.3489990234375,159.27499389648438,159.33200073242188
2026-08-25T07:00:00+01:00,159.33099365234375,159.41099548339844,159.26800537109375,159.4080047607422
2026-08-25T08:00:00+01:00,159.4029998779297,159.45599365234375,159.30999755859375,159.43899536132812
2026-08-25T09:00:00+01:00,159.43800354003906,159.49099731445312,159.32000732421875,159.3699951171875
2026-08-25T10:00:00+01:00,159.34100341796875,159.35899353027344,159.21800231933594,159.281005859375
2026-08-25T11:00:00+01:00,159.2760009765625,159.3280029296875,159.23699951171875,159.2790069580078
2026-08-25T12:00:00+01:00,159.28199768066406,159.33200073242188,159.2270050048828,159.24400329589844
2026-08-25T13:00:00+01:00,159.24400329589844,159.2949981689453,159.18800354003906,159.2899932861328
2026-08-25T14:00:00+01:00,159.29200744628906,159.30099487304688,159.10800170898438,159.19700622558594
2026-08-25T15:00:00+01:00,159.21099853515625,159.28799438476562,159.19200134277344,159.26499938964844
2026-08-25T16:00:00+01:00,159.2480010986328,159.29200744628906,159.1750030517578,159.20799255371094
2026-08-25T17:00:00+01:00,159.20799255371094,159.29299926757812,159.197998046875,159.2729949951172
2026-08-25T18:00:00+01:00,159.2689971923828,159.31399536132812,159.20899963378906,159.21600341796875
2026-08-25T19:00:00+01:00,159.21499633789062,159.2550048828125,159.18600463867188,159.21800231933594
2026-08-25T20:00:00+01:00,159.22300720214844,159.23699951171875,159.0749969482422,159.13499450683594
2026-08-25T21:00:00+01:00,159.13499450683594,159.23800659179688,159.11900329589844,159.16400146484375
2026-08-25T22:00:00+01:00,159.13499450683594,159.2209930419922,159.13299560546875,159.19500732421875
2026-08-25T23:00:00+01:00,159.18699645996094,159.23599243164062,159.18099975585938,159.1929931640625
2026-08-26T00:00:00+01:00,159.19200134277344,159.26199340820312,159.19200134277344,159.20899963378906
2026-08-26T01:00:00+01:00,159.23699951171875,159.25900268554688,159.09800720214844,159.16400146484375
2026-08-26T02:00:00+01:00,159.1649932861328,159.18499755859375,158.95799255371094,159.04400634765625
2026-08-26T03:00:00+01:00,159.04600524902344,159.05299377441406,158.875,159.03199768066406
2026-08-26T04:00:00+01:00,159.03799438476562,159.03900146484375,158.89300537109375,158.95599365234375
2026-08-26T05:00:00+01:00,158.95199584960938,159.04100036621094,158.93600463867188,159.02699279785156
2026-08-26T06:00:00+01:00,159.0330047607422,159.0500030517578,158.95700073242188,159.00900268554688
2026-08-26T07:00:00+01:00,159.0070037841797,159.1230010986328,159.0,159.05499267578125
2026-08-26T08:00:00+01:00,159.0500030517578,159.06199645996094,158.95799255371094,159.00399780273438
2026-08-26T09:00:00+01:00,159.01199340820312,159.01499938964844,158.9250030517578,158.97999572753906
2026-08-26T10:00:00+01:00,159.00599670410156,159.0570068359375,158.9510040283203,158.98199462890625
2026-08-26T11:00:00+01:00,158.98500061035156,159.12100219726562,158.97799682617188,159.08900451660156
2026-08-26T12:00:00+01:00,159.08700561523438,159.16099548339844,159.0540008544922,159.0780029296875
2026-08-26T13:00:00+01:00,159.0780029296875,159.2550048828125,158.88800048828125,159.22999572753906
2026-08-26T14:00:00+01:00,159.22999572753906,159.39500427246094,159.2259979248047,159.39500427246094
2026-08-26T15:00:00+01:00,159.38999938964844,159.4219970703125,159.35699462890625,159.3730010986328
2026-08-26T16:00:00+01:00,159.4029998779297,159.41299438476562,159.31300354003906,159.36500549316406
2026-08-26T17:00:00+01:00,159.36199951171875,159.42799377441406,159.29400634765625,159.41700744628906
2026-08-26T18:00:00+01:00,159.41200256347656,159.427001953125,159.3560028076172,159.38699340820312
2026-08-26T19:00:00+01:00,159.38800048828125,159.41700744628906,159.3679962158203,159.39599609375
2026-08-26T20:00:00+01:00,159.39599609375,159.41200256347656,159.31900024414062,159.34500122070312
2026-08-26T21:00:00+01:00,159.34100341796875,159.36300659179688,159.2779998779297,159.28599548339844
2026-08-26T22:00:00+01:00,159.2740020751953,159.3179931640625,159.2259979248047,159.24400329589844
2026-08-26T23:00:00+01:00,159.26199340820312,159.33299255371094,159.23800659179688,159.26800537109375
2026-08-27T00:00:00+01:00,159.25799560546875,159.2740020751953,159.2030029296875,159.2449951171875
2026-08-27T01:00:00+01:00,159.24899291992188,159.2550048828125,159.10800170898438,159.17599487304688
2026-08-27T02:00:00+01:00,159.177001953125,159.28199768066406,159.12600708007812,159.2530059814453
2026-08-27T03:00:00+01:00,159.24600219726562,159.39999389648438,159.24400329589844,159.32699584960938
2026-08-27T04:00:00+01:00,159.33299255371094,159.37399291992188,159.30099487304688,159.34300231933594
2026-08-27T05:00:00+01:00,159.3419952392578,159.38400268554688,159.3249969482422,159.36099243164062
2026-08-27T06:00:00+01:00,159.35499572753906,159.38600158691406,159.2790069580078,159.36000061035156
2026-08-27T07:00:00+01:00,159.36000061035156,159.38999938964844,159.3300018310547,159.3520050048828
2026-08-27T08:00:00+01:00,159.3520050048828,159.3730010986328,159.26800537109375,159.3520050048828
2026-08-27T09:00:00+01:00,159.3520050048828,159.3679962158203,159.27499389648438,159.3179931640625
2026-08-27T10:00:00+01:00,159.31900024414062,159.49000549316406,159.30499267578125,159.47300720214844
2026-08-27T11:00:00+01:00,159.4709930419922,159.5260009765625,159.41299438476562,159.4739990234375
2026-08-27T12:00:00+01:00,159.4709930419922,159.51499938964844,159.41200256347656,159.4340057373047
2026-08-27T13:00:00+01:00,159.4340057373047,159.44700622558594,159.3419952392578,159.4080047607422
2026-08-27T14:00:00+01:00,159.41000366210938,159.4669952392578,159.3350067138672,159.36099243164062
2026-08-27T15:00:00+01:00,159.36300659179688,159.375,159.27000427246094,159.3260040283203
2026-08-27T16:00:00+01:00,159.33099365234375,159.33099365234375,159.23300170898438,159.26199340820312
2026-08-27T17:00:00+01:00,159.25799560546875,159.30599975585938,159.24000549316406,159.28900146484375
2026-08-27T18:00:00+01:00,159.28900146484375,159.4080047607422,159.25999450683594,159.40199279785156
2026-08-27T19:00:00+01:00,159.39999389648438,159.4600067138672,159.39599609375,159.4290008544922
2026-08-27T20:00:00+01:00,159.42799377441406,159.4340057373047,159.41799926757812,159.42100524902344
